Reading,Load [N],Distance [mm],Time [s],Strain,Force (N)
1,0,0,0,0,0
2,0,0,0.01,0,0
3,0,0,0.02,0,0
4,0,0,0.03,0,0
5,0,0,0.04,0,0
6,0,0,0.05,0,0
7,0,0,0.06,0,0
8,0,0,0.07,0,0
9,0,0,0.08,0,0
10,0,0,0.09,0,0
11,0,0,0.1,0,0
12,-0.02,0,0.11,0,0.02
13,-0.1,0.03,0.12,0.0003,0.1
14,-0.28,0.06,0.13,0.0006,0.28
15,0.68,0.1,0.14,0.001,0.68
16,-0.72,0.12,0.15,0.0012,0.72
17,0.18,0.15,0.16,0.0015,0.18
18,-0.26,0.18,0.17,0.0018,0.26
19,-0.36,0.21,0.18,0.0021,0.36
20,-0.16,0.25,0.19,0.0025,0.16
21,-0.32,0.29,0.2,0.0029,0.32
22,-0.38,0.32,0.21,0.0032,0.38
23,-0.26,0.36,0.22,0.0036,0.26
24,-0.4,0.4,0.23,0.004,0.4
25,-0.44,0.44,0.24,0.0044,0.44
26,-0.28,0.49,0.25,0.0049,0.28
27,-0.66,0.53,0.26,0.0053,0.66
28,-0.2,0.57,0.27,0.0057,0.2
29,-0.76,0.61,0.28,0.0061,0.76
30,-0.24,0.66,0.29,0.0066,0.24
31,-0.7,0.7,0.3,0.007,0.7
32,-0.44,0.74,0.31,0.0074,0.44
33,-0.62,0.78,0.32,0.0078,0.62
34,-0.48,0.83,0.33,0.0083,0.48
35,-0.68,0.87,0.34,0.0087,0.68
36,-0.48,0.91,0.35,0.0091,0.48
37,-0.74,0.95,0.36,0.0095,0.74
38,-0.52,1,0.37,0.01,0.52
39,-0.74,1.04,0.38,0.0104,0.74
40,-0.62,1.08,0.39,0.0108,0.62
41,-0.66,1.12,0.4,0.0112,0.66
42,-0.7,1.17,0.41,0.0117,0.7
43,-0.66,1.21,0.42,0.0121,0.66
44,-0.74,1.25,0.43,0.0125,0.74
45,-0.66,1.29,0.44,0.0129,0.66
46,-0.8,1.34,0.45,0.0134,0.8
47,-0.64,1.38,0.46,0.0138,0.64
48,-0.82,1.42,0.47,0.0142,0.82
49,-0.66,1.46,0.48,0.0146,0.66
50,-0.84,1.5,0.49,0.015,0.84
51,-0.68,1.55,0.5,0.0155,0.68
52,-0.84,1.59,0.51,0.0159,0.84
53,-0.68,1.63,0.52,0.0163,0.68
54,-0.84,1.68,0.53,0.0168,0.84
55,-0.72,1.72,0.54,0.0172,0.72
56,-0.8,1.76,0.55,0.0176,0.8
57,-0.82,1.8,0.56,0.018,0.82
58,-0.82,1.84,0.57,0.0184,0.82
59,-0.78,1.89,0.58,0.0189,0.78
60,-0.86,1.93,0.59,0.0193,0.86
61,-0.8,1.97,0.6,0.0197,0.8
62,-0.86,2,0.61,0.02,0.86
63,-0.82,2.05,0.62,0.0205,0.82
64,-0.86,2.09,0.63,0.0209,0.86
65,-0.82,2.13,0.64,0.0213,0.82
66,-0.86,2.17,0.65,0.0217,0.86
67,-0.82,2.22,0.66,0.0222,0.82
68,-0.9,2.26,0.67,0.0226,0.9
69,-0.84,2.3,0.68,0.023,0.84
70,-0.9,2.35,0.69,0.0235,0.9
71,-0.86,2.39,0.7,0.0239,0.86
72,-0.92,2.43,0.71,0.0243,0.92
73,-0.88,2.47,0.72,0.0247,0.88
74,-0.92,2.51,0.73,0.0251,0.92
75,-0.9,2.56,0.74,0.0256,0.9
76,-0.94,2.6,0.75,0.026,0.94
77,-0.92,2.64,0.76,0.0264,0.92
78,-0.9,2.69,0.77,0.0269,0.9
79,-0.94,2.73,0.78,0.0273,0.94
80,-0.9,2.77,0.79,0.0277,0.9
81,-0.92,2.81,0.8,0.0281,0.92
82,-0.96,2.86,0.81,0.0286,0.96
83,-0.94,2.9,0.82,0.029,0.94
84,-0.9,2.94,0.83,0.0294,0.9
85,-0.98,3,0.84,0.03,0.98
86,-0.92,3.04,0.85,0.0304,0.92
87,-0.98,3.08,0.86,0.0308,0.98
88,-0.98,3.12,0.87,0.0312,0.98
89,-0.96,3.16,0.88,0.0316,0.96
90,-0.98,3.21,0.89,0.0321,0.98
91,-0.96,3.25,0.9,0.0325,0.96
92,-0.98,3.29,0.91,0.0329,0.98
93,-0.98,3.33,0.92,0.0333,0.98
94,-0.98,3.38,0.93,0.0338,0.98
95,-1.02,3.42,0.94,0.0342,1.02
96,-0.98,3.46,0.95,0.0346,0.98
97,-1,3.5,0.96,0.035,1
98,-0.98,3.55,0.97,0.0355,0.98
99,-1,3.59,0.98,0.0359,1
100,-0.98,3.63,0.99,0.0363,0.98
101,-1.02,3.67,1,0.0367,1.02
102,-1.02,3.72,1.01,0.0372,1.02
103,-1.02,3.76,1.02,0.0376,1.02
104,-1,3.8,1.03,0.038,1
105,-1.06,3.84,1.04,0.0384,1.06
106,-0.96,3.88,1.05,0.0388,0.96
107,-1.08,3.93,1.06,0.0393,1.08
108,-0.98,3.97,1.07,0.0397,0.98
109,-1.08,4.01,1.08,0.0401,1.08
110,-1,4.05,1.09,0.0405,1
111,-1.08,4.1,1.1,0.041,1.08
112,-1,4.14,1.11,0.0414,1
113,-1.1,4.18,1.12,0.0418,1.1
114,-0.98,4.22,1.13,0.0422,0.98
115,-1.1,4.27,1.14,0.0427,1.1
116,-1.04,4.31,1.15,0.0431,1.04
117,-1.08,4.35,1.16,0.0435,1.08
118,-1.06,4.4,1.17,0.044,1.06
119,-1.08,4.44,1.18,0.0444,1.08
120,-1.04,4.48,1.19,0.0448,1.04
121,-1.06,4.52,1.2,0.0452,1.06
122,-1.04,4.57,1.21,0.0457,1.04
123,-1.1,4.61,1.22,0.0461,1.1
124,-1.06,4.65,1.23,0.0465,1.06
125,-1.06,4.69,1.24,0.0469,1.06
126,-1.1,4.74,1.25,0.0474,1.1
127,-1.06,4.78,1.26,0.0478,1.06
128,-1.1,4.82,1.27,0.0482,1.1
129,-1.08,4.86,1.28,0.0486,1.08
130,-1.12,4.91,1.29,0.0491,1.12
131,-1.08,4.95,1.3,0.0495,1.08
132,-1.12,4.99,1.31,0.0499,1.12
133,-1.06,5.04,1.32,0.0504,1.06
134,-1.14,5.08,1.33,0.0508,1.14
135,-1.06,5.12,1.34,0.0512,1.06
136,-1.14,5.16,1.35,0.0516,1.14
137,-1.06,5.21,1.36,0.0521,1.06
138,-1.14,5.25,1.37,0.0525,1.14
139,-1.1,5.29,1.38,0.0529,1.1
140,-1.1,5.33,1.39,0.0533,1.1
141,-1.14,5.37,1.4,0.0537,1.14
142,-1.1,5.42,1.41,0.0542,1.1
143,-1.14,5.46,1.42,0.0546,1.14
144,-1.12,5.5,1.43,0.055,1.12
145,-1.12,5.54,1.44,0.0554,1.12
146,-1.12,5.59,1.45,0.0559,1.12
147,-1.12,5.63,1.46,0.0563,1.12
148,-1.16,5.67,1.47,0.0567,1.16
149,-1.14,5.71,1.48,0.0571,1.14
150,-1.12,5.76,1.49,0.0576,1.12
151,-1.14,5.8,1.5,0.058,1.14
152,-1.16,5.84,1.51,0.0584,1.16
153,-1.14,5.88,1.52,0.0588,1.14
154,-1.18,5.92,1.53,0.0592,1.18
155,-1.14,5.97,1.54,0.0597,1.14
156,-1.18,6.02,1.55,0.0602,1.18
157,-1.16,6.06,1.56,0.0606,1.16
158,-1.12,6.11,1.57,0.0611,1.12
159,-1.2,6.15,1.58,0.0615,1.2
160,-1.16,6.19,1.59,0.0619,1.16
161,-1.18,6.23,1.6,0.0623,1.18
162,-1.12,6.28,1.61,0.0628,1.12
163,-1.22,6.32,1.62,0.0632,1.22
164,-1.12,6.36,1.63,0.0636,1.12
165,-1.24,6.4,1.64,0.064,1.24
166,-1.12,6.45,1.65,0.0645,1.12
167,-1.2,6.49,1.66,0.0649,1.2
168,-1.14,6.53,1.67,0.0653,1.14
169,-1.22,6.57,1.68,0.0657,1.22
170,-1.16,6.62,1.69,0.0662,1.16
171,-1.26,6.66,1.7,0.0666,1.26
172,-1.14,6.7,1.71,0.067,1.14
173,-1.26,6.74,1.72,0.0674,1.26
174,-1.14,6.79,1.73,0.0679,1.14
175,-1.24,6.83,1.74,0.0683,1.24
176,-1.18,6.87,1.75,0.0687,1.18
177,-1.22,6.92,1.76,0.0692,1.22
178,-1.18,6.96,1.77,0.0696,1.18
179,-1.22,6.99,1.78,0.0699,1.22
180,-1.22,7.03,1.79,0.0703,1.22
181,-1.16,7.08,1.8,0.0708,1.16
182,-1.28,7.12,1.81,0.0712,1.28
183,-1.14,7.16,1.82,0.0716,1.14
184,-1.26,7.2,1.83,0.072,1.26
185,-1.2,7.25,1.84,0.0725,1.2
186,-1.26,7.29,1.85,0.0729,1.26
187,-1.18,7.33,1.86,0.0733,1.18
188,-1.28,7.37,1.87,0.0737,1.28
189,-1.18,7.42,1.88,0.0742,1.18
190,-1.28,7.46,1.89,0.0746,1.28
191,-1.18,7.5,1.9,0.075,1.18
192,-1.28,7.54,1.91,0.0754,1.28
193,-1.18,7.59,1.92,0.0759,1.18
194,-1.26,7.63,1.93,0.0763,1.26
195,-1.22,7.67,1.94,0.0767,1.22
196,-1.26,7.71,1.95,0.0771,1.26
197,-1.2,7.76,1.96,0.0776,1.2
198,-1.28,7.8,1.97,0.078,1.28
199,-1.2,7.84,1.98,0.0784,1.2
200,-1.28,7.88,1.99,0.0788,1.28
201,-1.24,7.92,2,0.0792,1.24
202,-1.3,7.97,2.01,0.0797,1.3
203,-1.22,8.01,2.02,0.0801,1.22
204,-1.3,8.05,2.03,0.0805,1.3
205,-1.22,8.09,2.04,0.0809,1.22
206,-1.32,8.14,2.05,0.0814,1.32
207,-1.24,8.18,2.06,0.0818,1.24
208,-1.3,8.22,2.07,0.0822,1.3
209,-1.22,8.26,2.08,0.0826,1.22
210,-1.32,8.31,2.09,0.0831,1.32
211,-1.22,8.35,2.1,0.0835,1.22
212,-1.28,8.39,2.11,0.0839,1.28
213,-1.24,8.43,2.12,0.0843,1.24
214,-1.28,8.48,2.13,0.0848,1.28
215,-1.28,8.52,2.14,0.0852,1.28
216,-1.28,8.56,2.15,0.0856,1.28
217,-1.26,8.6,2.16,0.086,1.26
218,-1.32,8.65,2.17,0.0865,1.32
219,-1.24,8.69,2.18,0.0869,1.24
220,-1.32,8.73,2.19,0.0873,1.32
221,-1.3,8.78,2.2,0.0878,1.3
222,-1.3,8.82,2.21,0.0882,1.3
223,-1.32,8.86,2.22,0.0886,1.32
224,-1.26,8.9,2.23,0.089,1.26
225,-1.34,8.95,2.24,0.0895,1.34
226,-1.28,9,2.25,0.09,1.28
227,-1.32,9.04,2.26,0.0904,1.32
228,-1.26,9.09,2.27,0.0909,1.26
229,-1.34,9.13,2.28,0.0913,1.34
230,-1.26,9.17,2.29,0.0917,1.26
231,-1.34,9.21,2.3,0.0921,1.34
232,-1.26,9.26,2.31,0.0926,1.26
233,-1.34,9.3,2.32,0.093,1.34
234,-1.28,9.34,2.33,0.0934,1.28
235,-1.36,9.38,2.34,0.0938,1.36
236,-1.28,9.42,2.35,0.0942,1.28
237,-1.32,9.47,2.36,0.0947,1.32
238,-1.32,9.51,2.37,0.0951,1.32
239,-1.32,9.55,2.38,0.0955,1.32
240,-1.3,9.59,2.39,0.0959,1.3
241,-1.3,9.64,2.4,0.0964,1.3
242,-1.32,9.68,2.41,0.0968,1.32
243,-1.3,9.72,2.42,0.0972,1.3
244,-1.34,9.76,2.43,0.0976,1.34
245,-1.28,9.81,2.44,0.0981,1.28
246,-1.36,9.85,2.45,0.0985,1.36
247,-1.26,9.89,2.46,0.0989,1.26
248,-1.38,9.93,2.47,0.0993,1.38
249,-1.28,9.98,2.48,0.0998,1.28
250,-1.34,10.01,2.49,0.1001,1.34
251,-1.34,10.05,2.5,0.1005,1.34
252,-1.32,10.09,2.51,0.1009,1.32
253,-1.34,10.14,2.52,0.1014,1.34
254,-1.36,10.18,2.53,0.1018,1.36
255,-1.3,10.22,2.54,0.1022,1.3
256,-1.36,10.26,2.55,0.1026,1.36
257,-1.32,10.31,2.56,0.1031,1.32
258,-1.32,10.35,2.57,0.1035,1.32
259,-1.34,10.39,2.58,0.1039,1.34
260,-1.34,10.43,2.59,0.1043,1.34
261,-1.38,10.48,2.6,0.1048,1.38
262,-1.36,10.52,2.61,0.1052,1.36
263,-1.32,10.56,2.62,0.1056,1.32
264,-1.32,10.61,2.63,0.1061,1.32
265,-1.34,10.65,2.64,0.1065,1.34
266,-1.36,10.69,2.65,0.1069,1.36
267,-1.36,10.73,2.66,0.1073,1.36
268,-1.38,10.77,2.67,0.1077,1.38
269,-1.32,10.82,2.68,0.1082,1.32
270,-1.4,10.86,2.69,0.1086,1.4
271,-1.34,10.9,2.7,0.109,1.34
272,-1.38,10.95,2.71,0.1095,1.38
273,-1.36,11,2.72,0.11,1.36
274,-1.4,11.04,2.73,0.1104,1.4
275,-1.3,11.08,2.74,0.1108,1.3
276,-1.46,11.13,2.75,0.1113,1.46
277,-1.3,11.17,2.76,0.1117,1.3
278,-1.44,11.21,2.77,0.1121,1.44
279,-1.34,11.26,2.78,0.1126,1.34
280,-1.38,11.3,2.79,0.113,1.38
281,-1.36,11.34,2.8,0.1134,1.36
282,-1.42,11.38,2.81,0.1138,1.42
283,-1.34,11.42,2.82,0.1142,1.34
284,-1.4,11.47,2.83,0.1147,1.4
285,-1.4,11.51,2.84,0.1151,1.4
286,-1.36,11.55,2.85,0.1155,1.36
287,-1.44,11.59,2.86,0.1159,1.44
288,-1.3,11.64,2.87,0.1164,1.3
289,-1.46,11.68,2.88,0.1168,1.46
290,-1.32,11.72,2.89,0.1172,1.32
291,-1.44,11.76,2.9,0.1176,1.44
292,-1.32,11.81,2.91,0.1181,1.32
293,-1.42,11.85,2.92,0.1185,1.42
294,-1.34,11.89,2.93,0.1189,1.34
295,-1.44,11.93,2.94,0.1193,1.44
296,-1.36,11.98,2.95,0.1198,1.36
297,-1.42,12.01,2.96,0.1201,1.42
298,-1.38,12.05,2.97,0.1205,1.38
299,-1.46,12.09,2.98,0.1209,1.46
300,-1.36,12.13,2.99,0.1213,1.36
301,-1.44,12.18,3,0.1218,1.44
302,-1.4,12.22,3.01,0.1222,1.4
303,-1.4,12.26,3.02,0.1226,1.4
304,-1.4,12.3,3.03,0.123,1.4
305,-1.42,12.35,3.04,0.1235,1.42
306,-1.38,12.39,3.05,0.1239,1.38
307,-1.42,12.43,3.06,0.1243,1.42
308,-1.4,12.48,3.07,0.1248,1.4
309,-1.38,12.52,3.08,0.1252,1.38
310,-1.46,12.56,3.09,0.1256,1.46
311,-1.4,12.6,3.1,0.126,1.4
312,-1.48,12.65,3.11,0.1265,1.48
313,-1.4,12.69,3.12,0.1269,1.4
314,-1.46,12.73,3.13,0.1273,1.46
315,-1.44,12.77,3.14,0.1277,1.44
316,-1.42,12.82,3.15,0.1282,1.42
317,-1.42,12.86,3.16,0.1286,1.42
318,-1.44,12.9,3.17,0.129,1.44
319,-1.38,12.94,3.18,0.1294,1.38
320,-1.48,12.99,3.19,0.1299,1.48
321,-1.38,13.03,3.2,0.1303,1.38
322,-1.46,13.07,3.21,0.1307,1.46
323,-1.4,13.12,3.22,0.1312,1.4
324,-1.46,13.16,3.23,0.1316,1.46
325,-1.42,13.2,3.24,0.132,1.42
326,-1.48,13.24,3.25,0.1324,1.48
327,-1.4,13.29,3.26,0.1329,1.4
328,-1.48,13.33,3.27,0.1333,1.48
329,-1.42,13.37,3.28,0.1337,1.42
330,-1.46,13.41,3.29,0.1341,1.46
331,-1.4,13.46,3.3,0.1346,1.4
332,-1.48,13.5,3.31,0.135,1.48
333,-1.4,13.54,3.32,0.1354,1.4
334,-1.5,13.58,3.33,0.1358,1.5
335,-1.42,13.62,3.34,0.1362,1.42
336,-1.48,13.67,3.35,0.1367,1.48
337,-1.44,13.71,3.36,0.1371,1.44
338,-1.48,13.75,3.37,0.1375,1.48
339,-1.44,13.79,3.38,0.1379,1.44
340,-1.46,13.84,3.39,0.1384,1.46
341,-1.46,13.88,3.4,0.1388,1.46
342,-1.46,13.92,3.41,0.1392,1.46
343,-1.52,13.96,3.42,0.1396,1.52
344,-1.4,14.02,3.43,0.1402,1.4
345,-1.5,14.06,3.44,0.1406,1.5
346,-1.42,14.1,3.45,0.141,1.42
347,-1.5,14.14,3.46,0.1414,1.5
348,-1.44,14.18,3.47,0.1418,1.44
349,-1.48,14.23,3.48,0.1423,1.48
350,-1.44,14.27,3.49,0.1427,1.44
351,-1.5,14.31,3.5,0.1431,1.5
352,-1.44,14.36,3.51,0.1436,1.44
353,-1.5,14.4,3.52,0.144,1.5
354,-1.48,14.44,3.53,0.1444,1.48
355,-1.48,14.48,3.54,0.1448,1.48
356,-1.48,14.53,3.55,0.1453,1.48
357,-1.48,14.57,3.56,0.1457,1.48
358,-1.48,14.61,3.57,0.1461,1.48
359,-1.5,14.66,3.58,0.1466,1.5
360,-1.46,14.7,3.59,0.147,1.46
361,-1.5,14.74,3.6,0.1474,1.5
362,-1.44,14.78,3.61,0.1478,1.44
363,-1.52,14.83,3.62,0.1483,1.52
364,-1.46,14.87,3.63,0.1487,1.46
365,-1.5,14.91,3.64,0.1491,1.5
366,-1.46,14.95,3.65,0.1495,1.46
367,-1.54,15,3.66,0.15,1.54
368,-1.46,15.04,3.67,0.1504,1.46
369,-1.52,15.08,3.68,0.1508,1.52
370,-1.48,15.12,3.69,0.1512,1.48
371,-1.54,15.17,3.7,0.1517,1.54
372,-1.44,15.21,3.71,0.1521,1.44
373,-1.56,15.25,3.72,0.1525,1.56
374,-1.46,15.29,3.73,0.1529,1.46
375,-1.52,15.34,3.74,0.1534,1.52
376,-1.5,15.38,3.75,0.1538,1.5
377,-1.46,15.42,3.76,0.1542,1.46
378,-1.54,15.46,3.77,0.1546,1.54
379,-1.52,15.51,3.78,0.1551,1.52
380,-1.5,15.55,3.79,0.1555,1.5
381,-1.5,15.59,3.8,0.1559,1.5
382,-1.52,15.63,3.81,0.1563,1.52
383,-1.48,15.68,3.82,0.1568,1.48
384,-1.56,15.72,3.83,0.1572,1.56
385,-1.46,15.76,3.84,0.1576,1.46
386,-1.56,15.8,3.85,0.158,1.56
387,-1.46,15.85,3.86,0.1585,1.46
388,-1.56,15.89,3.87,0.1589,1.56
389,-1.5,15.93,3.88,0.1593,1.5
390,-1.56,15.97,3.89,0.1597,1.56
391,-1.48,16.02,3.9,0.1602,1.48
392,-1.56,16.06,3.91,0.1606,1.56
393,-1.52,16.1,3.92,0.161,1.52
394,-1.52,16.14,3.93,0.1614,1.52
395,-1.54,16.18,3.94,0.1618,1.54
396,-1.52,16.23,3.95,0.1623,1.52
397,-1.54,16.27,3.96,0.1627,1.54
398,-1.5,16.31,3.97,0.1631,1.5
399,-1.58,16.35,3.98,0.1635,1.58
400,-1.48,16.4,3.99,0.164,1.48
401,-1.56,16.44,4,0.1644,1.56
402,-1.5,16.48,4.01,0.1648,1.5
403,-1.56,16.53,4.02,0.1653,1.56
404,-1.52,16.57,4.03,0.1657,1.52
405,-1.56,16.61,4.04,0.1661,1.56
406,-1.54,16.65,4.05,0.1665,1.54
407,-1.52,16.7,4.06,0.167,1.52
408,-1.56,16.74,4.07,0.1674,1.56
409,-1.56,16.78,4.08,0.1678,1.56
410,-1.56,16.83,4.09,0.1683,1.56
411,-1.54,16.87,4.1,0.1687,1.54
412,-1.58,16.91,4.11,0.1691,1.58
413,-1.48,16.95,4.12,0.1695,1.48
414,-1.6,16.99,4.13,0.1699,1.6
415,-1.52,17.04,4.14,0.1704,1.52
416,-1.56,17.08,4.15,0.1708,1.56
417,-1.56,17.12,4.16,0.1712,1.56
418,-1.54,17.17,4.17,0.1717,1.54
419,-1.56,17.21,4.18,0.1721,1.56
420,-1.56,17.25,4.19,0.1725,1.56
421,-1.6,17.29,4.2,0.1729,1.6
422,-1.52,17.34,4.21,0.1734,1.52
423,-1.64,17.38,4.22,0.1738,1.64
424,-1.52,17.42,4.23,0.1742,1.52
425,-1.62,17.46,4.24,0.1746,1.62
426,-1.52,17.51,4.25,0.1751,1.52
427,-1.62,17.55,4.26,0.1755,1.62
428,-1.5,17.59,4.27,0.1759,1.5
429,-1.6,17.63,4.28,0.1763,1.6
430,-1.54,17.67,4.29,0.1767,1.54
431,-1.6,17.72,4.3,0.1772,1.6
432,-1.56,17.76,4.31,0.1776,1.56
433,-1.58,17.8,4.32,0.178,1.58
434,-1.56,17.84,4.33,0.1784,1.56
435,-1.6,17.89,4.34,0.1789,1.6
436,-1.56,17.93,4.35,0.1793,1.56
437,-1.6,17.97,4.36,0.1797,1.6
438,-1.56,18.01,4.37,0.1801,1.56
439,-1.6,18.06,4.38,0.1806,1.6
440,-1.58,18.1,4.39,0.181,1.58
441,-1.56,18.14,4.4,0.1814,1.56
442,-1.56,18.18,4.41,0.1818,1.56
443,-1.6,18.23,4.42,0.1823,1.6
444,-1.54,18.27,4.43,0.1827,1.54
445,-1.64,18.31,4.44,0.1831,1.64
446,-1.56,18.35,4.45,0.1835,1.56
447,-1.6,18.4,4.46,0.184,1.6
448,-1.6,18.44,4.47,0.1844,1.6
449,-1.58,18.48,4.48,0.1848,1.58
450,-1.62,18.52,4.49,0.1852,1.62
451,-1.6,18.57,4.5,0.1857,1.6
452,-1.6,18.61,4.51,0.1861,1.6
453,-1.6,18.65,4.52,0.1865,1.6
454,-1.58,18.7,4.53,0.187,1.58
455,-1.6,18.74,4.54,0.1874,1.6
456,-1.62,18.78,4.55,0.1878,1.62
457,-1.58,18.82,4.56,0.1882,1.58
458,-1.62,18.87,4.57,0.1887,1.62
459,-1.56,18.91,4.58,0.1891,1.56
460,-1.64,18.95,4.59,0.1895,1.64
461,-1.6,19,4.6,0.19,1.6
462,-1.62,19.05,4.61,0.1905,1.62
463,-1.58,19.09,4.62,0.1909,1.58
464,-1.64,19.13,4.63,0.1913,1.64
465,-1.58,19.17,4.64,0.1917,1.58
466,-1.64,19.22,4.65,0.1922,1.64
467,-1.6,19.26,4.66,0.1926,1.6
468,-1.64,19.3,4.67,0.193,1.64
469,-1.6,19.34,4.68,0.1934,1.6
470,-1.64,19.39,4.69,0.1939,1.64
471,-1.64,19.43,4.7,0.1943,1.64
472,-1.56,19.47,4.71,0.1947,1.56
473,-1.66,19.51,4.72,0.1951,1.66
474,-1.56,19.56,4.73,0.1956,1.56
475,-1.66,19.6,4.74,0.196,1.66
476,-1.6,19.64,4.75,0.1964,1.6
477,-1.64,19.68,4.76,0.1968,1.64
478,-1.64,19.72,4.77,0.1972,1.64
479,-1.64,19.77,4.78,0.1977,1.64
480,-1.6,19.81,4.79,0.1981,1.6
481,-1.68,19.85,4.8,0.1985,1.68
482,-1.56,19.9,4.81,0.199,1.56
483,-1.66,19.94,4.82,0.1994,1.66
484,-1.62,19.98,4.83,0.1998,1.62
485,-1.62,20.01,4.84,0.2001,1.62
486,-1.66,20.06,4.85,0.2006,1.66
487,-1.64,20.1,4.86,0.201,1.64
488,-1.62,20.14,4.87,0.2014,1.62
489,-1.68,20.18,4.88,0.2018,1.68
490,-1.58,20.23,4.89,0.2023,1.58
491,-1.66,20.27,4.9,0.2027,1.66
492,-1.64,20.31,4.91,0.2031,1.64
493,-1.64,20.35,4.92,0.2035,1.64
494,-1.64,20.4,4.93,0.204,1.64
495,-1.66,20.44,4.94,0.2044,1.66
496,-1.62,20.48,4.95,0.2048,1.62
497,-1.68,20.52,4.96,0.2052,1.68
498,-1.62,20.57,4.97,0.2057,1.62
499,-1.7,20.61,4.98,0.2061,1.7
500,-1.62,20.65,4.99,0.2065,1.62
501,-1.66,20.7,5,0.207,1.66
502,-1.66,20.74,5.01,0.2074,1.66
503,-1.66,20.78,5.02,0.2078,1.66
504,-1.66,20.82,5.03,0.2082,1.66
505,-1.68,20.87,5.04,0.2087,1.68
506,-1.7,20.91,5.05,0.2091,1.7
507,-1.64,20.95,5.06,0.2095,1.64
508,-1.68,20.99,5.07,0.2099,1.68
509,-1.64,21.04,5.08,0.2104,1.64
510,-1.66,21.08,5.09,0.2108,1.66
511,-1.68,21.12,5.1,0.2112,1.68
512,-1.7,21.16,5.11,0.2116,1.7
513,-1.64,21.21,5.12,0.2121,1.64
514,-1.72,21.25,5.13,0.2125,1.72
515,-1.64,21.29,5.14,0.2129,1.64
516,-1.68,21.33,5.15,0.2133,1.68
517,-1.7,21.38,5.16,0.2138,1.7
518,-1.7,21.42,5.17,0.2142,1.7
519,-1.66,21.46,5.18,0.2146,1.66
520,-1.7,21.5,5.19,0.215,1.7
521,-1.66,21.55,5.2,0.2155,1.66
522,-1.68,21.59,5.21,0.2159,1.68
523,-1.66,21.63,5.22,0.2163,1.66
524,-1.7,21.67,5.23,0.2167,1.7
525,-1.66,21.71,5.24,0.2171,1.66
526,-1.7,21.76,5.25,0.2176,1.7
527,-1.66,21.8,5.26,0.218,1.66
528,-1.72,21.84,5.27,0.2184,1.72
529,-1.66,21.88,5.28,0.2188,1.66
530,-1.72,21.93,5.29,0.2193,1.72
531,-1.66,21.97,5.3,0.2197,1.66
532,-1.7,22.01,5.31,0.2201,1.7
533,-1.66,22.05,5.32,0.2205,1.66
534,-1.7,22.1,5.33,0.221,1.7
535,-1.7,22.14,5.34,0.2214,1.7
536,-1.7,22.18,5.35,0.2218,1.7
537,-1.72,22.22,5.36,0.2222,1.72
538,-1.64,22.27,5.37,0.2227,1.64
539,-1.72,22.31,5.38,0.2231,1.72
540,-1.64,22.35,5.39,0.2235,1.64
541,-1.68,22.39,5.4,0.2239,1.68
542,-1.74,22.44,5.41,0.2244,1.74
543,-1.68,22.48,5.42,0.2248,1.68
544,-1.72,22.52,5.43,0.2252,1.72
545,-1.72,22.57,5.44,0.2257,1.72
546,-1.68,22.61,5.45,0.2261,1.68
547,-1.72,22.65,5.46,0.2265,1.72
548,-1.7,22.69,5.47,0.2269,1.7
549,-1.7,22.74,5.48,0.2274,1.7
550,-1.72,22.78,5.49,0.2278,1.72
551,-1.7,22.82,5.5,0.2282,1.7
552,-1.72,22.86,5.51,0.2286,1.72
553,-1.72,22.91,5.52,0.2291,1.72
554,-1.7,22.95,5.53,0.2295,1.7
555,-1.74,22.99,5.54,0.2299,1.74
556,-1.68,23.04,5.55,0.2304,1.68
557,-1.76,23.08,5.56,0.2308,1.76
558,-1.7,23.12,5.57,0.2312,1.7
559,-1.74,23.16,5.58,0.2316,1.74
560,-1.68,23.2,5.59,0.232,1.68
561,-1.78,23.25,5.6,0.2325,1.78
562,-1.68,23.29,5.61,0.2329,1.68
563,-1.76,23.33,5.62,0.2333,1.76
564,-1.7,23.37,5.63,0.2337,1.7
565,-1.78,23.42,5.64,0.2342,1.78
566,-1.68,23.46,5.65,0.2346,1.68
567,-1.78,23.5,5.66,0.235,1.78
568,-1.7,23.54,5.67,0.2354,1.7
569,-1.72,23.59,5.68,0.2359,1.72
570,-1.76,23.63,5.69,0.2363,1.76
571,-1.72,23.67,5.7,0.2367,1.72
572,-1.76,23.71,5.71,0.2371,1.76
573,-1.74,23.76,5.72,0.2376,1.74
574,-1.74,23.8,5.73,0.238,1.74
575,-1.74,23.84,5.74,0.2384,1.74
576,-1.76,23.88,5.75,0.2388,1.76
577,-1.74,23.92,5.76,0.2392,1.74
578,-1.78,23.97,5.77,0.2397,1.78
579,-1.68,24.02,5.78,0.2402,1.68
580,-1.82,24.06,5.79,0.2406,1.82
581,-1.68,24.11,5.8,0.2411,1.68
582,-1.78,24.15,5.81,0.2415,1.78
583,-1.74,24.19,5.82,0.2419,1.74
584,-1.78,24.23,5.83,0.2423,1.78
585,-1.68,24.28,5.84,0.2428,1.68
586,-1.8,24.32,5.85,0.2432,1.8
587,-1.74,24.36,5.86,0.2436,1.74
588,-1.78,24.4,5.87,0.244,1.78
589,-1.76,24.45,5.88,0.2445,1.76
590,-1.76,24.49,5.89,0.2449,1.76
591,-1.76,24.53,5.9,0.2453,1.76
592,-1.74,24.57,5.91,0.2457,1.74
593,-1.78,24.62,5.92,0.2462,1.78
594,-1.76,24.66,5.93,0.2466,1.76
595,-1.76,24.7,5.94,0.247,1.76
596,-1.76,24.75,5.95,0.2475,1.76
597,-1.74,24.79,5.96,0.2479,1.74
598,-1.78,24.83,5.97,0.2483,1.78
599,-1.76,24.87,5.98,0.2487,1.76
600,-1.78,24.92,5.99,0.2492,1.78
601,-1.74,24.96,6,0.2496,1.74
602,-1.78,25,6.01,0.25,1.78
603,-1.78,25.04,6.02,0.2504,1.78
604,-1.78,25.09,6.03,0.2509,1.78
605,-1.76,25.13,6.04,0.2513,1.76
606,-1.8,25.17,6.05,0.2517,1.8
607,-1.72,25.21,6.06,0.2521,1.72
608,-1.84,25.26,6.07,0.2526,1.84
609,-1.76,25.3,6.08,0.253,1.76
610,-1.78,25.34,6.09,0.2534,1.78
611,-1.8,25.38,6.1,0.2538,1.8
612,-1.78,25.43,6.11,0.2543,1.78
613,-1.78,25.47,6.12,0.2547,1.78
614,-1.8,25.51,6.13,0.2551,1.8
615,-1.76,25.55,6.14,0.2555,1.76
616,-1.78,25.6,6.15,0.256,1.78
617,-1.8,25.64,6.16,0.2564,1.8
618,-1.78,25.68,6.17,0.2568,1.78
619,-1.8,25.72,6.18,0.2572,1.8
620,-1.76,25.77,6.19,0.2577,1.76
621,-1.82,25.81,6.2,0.2581,1.82
622,-1.7,25.85,6.21,0.2585,1.7
623,-1.84,25.89,6.22,0.2589,1.84
624,-1.78,25.93,6.23,0.2593,1.78
625,-1.84,25.98,6.24,0.2598,1.84
626,-1.78,26.02,6.25,0.2602,1.78
627,-1.86,26.06,6.26,0.2606,1.86
628,-1.76,26.1,6.27,0.261,1.76
629,-1.86,26.15,6.28,0.2615,1.86
630,-1.74,26.19,6.29,0.2619,1.74
631,-1.88,26.23,6.3,0.2623,1.88
632,-1.72,26.27,6.31,0.2627,1.72
633,-1.86,26.32,6.32,0.2632,1.86
634,-1.78,26.36,6.33,0.2636,1.78
635,-1.8,26.4,6.34,0.264,1.8
636,-1.8,26.45,6.35,0.2645,1.8
637,-1.82,26.49,6.36,0.2649,1.82
638,-1.78,26.53,6.37,0.2653,1.78
639,-1.84,26.57,6.38,0.2657,1.84
640,-1.8,26.62,6.39,0.2662,1.8
641,-1.82,26.66,6.4,0.2666,1.82
642,-1.84,26.7,6.41,0.267,1.84
643,-1.8,26.74,6.42,0.2674,1.8
644,-1.86,26.79,6.43,0.2679,1.86
645,-1.82,26.83,6.44,0.2683,1.82
646,-1.84,26.87,6.45,0.2687,1.84
647,-1.82,26.91,6.46,0.2691,1.82
648,-1.8,26.96,6.47,0.2696,1.8
649,-1.84,27,6.48,0.27,1.84
650,-1.82,27.04,6.49,0.2704,1.82
651,-1.8,27.09,6.5,0.2709,1.8
652,-1.84,27.13,6.51,0.2713,1.84
653,-1.8,27.17,6.52,0.2717,1.8
654,-1.84,27.21,6.53,0.2721,1.84
655,-1.82,27.26,6.54,0.2726,1.82
656,-1.84,27.3,6.55,0.273,1.84
657,-1.82,27.34,6.56,0.2734,1.82
658,-1.88,27.38,6.57,0.2738,1.88
659,-1.82,27.42,6.58,0.2742,1.82
660,-1.84,27.47,6.59,0.2747,1.84
661,-1.82,27.51,6.6,0.2751,1.82
662,-1.86,27.55,6.61,0.2755,1.86
663,-1.8,27.59,6.62,0.2759,1.8
664,-1.88,27.64,6.63,0.2764,1.88
665,-1.82,27.68,6.64,0.2768,1.82
666,-1.82,27.72,6.65,0.2772,1.82
667,-1.88,27.76,6.66,0.2776,1.88
668,-1.82,27.81,6.67,0.2781,1.82
669,-1.84,27.85,6.68,0.2785,1.84
670,-1.88,27.89,6.69,0.2789,1.88
671,-1.82,27.93,6.7,0.2793,1.82
672,-1.86,27.98,6.71,0.2798,1.86
673,-1.84,28.02,6.72,0.2802,1.84
674,-1.86,28.06,6.73,0.2806,1.86
675,-1.86,28.1,6.74,0.281,1.86
676,-1.84,28.15,6.75,0.2815,1.84
677,-1.9,28.19,6.76,0.2819,1.9
678,-1.82,28.23,6.77,0.2823,1.82
679,-1.88,28.27,6.78,0.2827,1.88
680,-1.84,28.32,6.79,0.2832,1.84
681,-1.88,28.36,6.8,0.2836,1.88
682,-1.84,28.4,6.81,0.284,1.84
683,-1.88,28.44,6.82,0.2844,1.88
684,-1.86,28.49,6.83,0.2849,1.86
685,-1.86,28.53,6.84,0.2853,1.86
686,-1.9,28.57,6.85,0.2857,1.9
687,-1.84,28.61,6.86,0.2861,1.84
688,-1.88,28.66,6.87,0.2866,1.88
689,-1.84,28.7,6.88,0.287,1.84
690,-1.92,28.74,6.89,0.2874,1.92
691,-1.84,28.79,6.9,0.2879,1.84
692,-1.88,28.83,6.91,0.2883,1.88
693,-1.88,28.87,6.92,0.2887,1.88
694,-1.84,28.91,6.93,0.2891,1.84
695,-1.9,28.96,6.94,0.2896,1.9
696,-1.86,29,6.95,0.29,1.86
697,-1.94,29.03,6.96,0.2903,1.94
698,-1.86,29.07,6.97,0.2907,1.86
699,-1.92,29.12,6.98,0.2912,1.92
700,-1.88,29.16,6.99,0.2916,1.88
701,-1.9,29.2,7,0.292,1.9
702,-1.88,29.24,7.01,0.2924,1.88
703,-1.92,29.29,7.02,0.2929,1.92
704,-1.84,29.33,7.03,0.2933,1.84
705,-1.92,29.37,7.04,0.2937,1.92
706,-1.86,29.41,7.05,0.2941,1.86
707,-1.9,29.46,7.06,0.2946,1.9
708,-1.88,29.5,7.07,0.295,1.88
709,-1.9,29.54,7.08,0.2954,1.9
710,-1.86,29.58,7.09,0.2958,1.86
711,-1.9,29.63,7.1,0.2963,1.9
712,-1.92,29.67,7.11,0.2967,1.92
713,-1.88,29.71,7.12,0.2971,1.88
714,-1.92,29.75,7.13,0.2975,1.92
715,-1.88,29.8,7.14,0.298,1.88
716,-1.88,29.84,7.15,0.2984,1.88
717,-1.94,29.88,7.16,0.2988,1.94
718,-1.88,29.92,7.17,0.2992,1.88
719,-1.92,29.96,7.18,0.2996,1.92
720,-1.9,30.02,7.19,0.3002,1.9
721,-1.9,30.06,7.2,0.3006,1.9
722,-1.88,30.1,7.21,0.301,1.88
723,-1.88,30.14,7.22,0.3014,1.88
724,-1.88,30.19,7.23,0.3019,1.88
725,-1.92,30.23,7.24,0.3023,1.92
726,-1.9,30.27,7.25,0.3027,1.9
727,-1.88,30.32,7.26,0.3032,1.88
728,-1.96,30.36,7.27,0.3036,1.96
729,-1.84,30.4,7.28,0.304,1.84
730,-1.96,30.44,7.29,0.3044,1.96
731,-1.9,30.49,7.3,0.3049,1.9
732,-1.92,30.53,7.31,0.3053,1.92
733,-1.92,30.57,7.32,0.3057,1.92
734,-1.94,30.61,7.33,0.3061,1.94
735,-1.9,30.66,7.34,0.3066,1.9
736,-1.96,30.7,7.35,0.307,1.96
737,-1.88,30.74,7.36,0.3074,1.88
738,-1.92,30.78,7.37,0.3078,1.92
739,-1.92,30.83,7.38,0.3083,1.92
740,-1.92,30.87,7.39,0.3087,1.92
741,-1.94,30.91,7.4,0.3091,1.94
742,-1.88,30.96,7.41,0.3096,1.88
743,-1.98,31,7.42,0.31,1.98
744,-1.9,31.04,7.43,0.3104,1.9
745,-1.94,31.08,7.44,0.3108,1.94
746,-1.92,31.13,7.45,0.3113,1.92
747,-1.96,31.17,7.46,0.3117,1.96
748,-1.9,31.21,7.47,0.3121,1.9
749,-1.94,31.25,7.48,0.3125,1.94
750,-1.94,31.3,7.49,0.313,1.94
751,-1.94,31.34,7.5,0.3134,1.94
752,-1.96,31.38,7.51,0.3138,1.96
753,-1.94,31.42,7.52,0.3142,1.94
754,-1.96,31.47,7.53,0.3147,1.96
755,-1.94,31.51,7.54,0.3151,1.94
756,-1.92,31.55,7.55,0.3155,1.92
757,-1.94,31.59,7.56,0.3159,1.94
758,-1.94,31.63,7.57,0.3163,1.94
759,-1.96,31.68,7.58,0.3168,1.96
760,-1.92,31.72,7.59,0.3172,1.92
761,-1.96,31.76,7.6,0.3176,1.96
762,-1.92,31.8,7.61,0.318,1.92
763,-1.96,31.85,7.62,0.3185,1.96
764,-1.94,31.89,7.63,0.3189,1.94
765,-1.92,31.93,7.64,0.3193,1.92
766,-1.96,31.97,7.65,0.3197,1.96
767,-1.98,32.02,7.66,0.3202,1.98
768,-1.94,32.06,7.67,0.3206,1.94
769,-1.96,32.1,7.68,0.321,1.96
770,-1.94,32.14,7.69,0.3214,1.94
771,-2,32.18,7.7,0.3218,2
772,-1.96,32.23,7.71,0.3223,1.96
773,-1.94,32.27,7.72,0.3227,1.94
774,-1.98,32.31,7.73,0.3231,1.98
775,-1.96,32.36,7.74,0.3236,1.96
776,-1.94,32.4,7.75,0.324,1.94
777,-2,32.44,7.76,0.3244,2
778,-1.94,32.48,7.77,0.3248,1.94
779,-1.96,32.53,7.78,0.3253,1.96
780,-2,32.57,7.79,0.3257,2
781,-1.94,32.61,7.8,0.3261,1.94
782,-1.98,32.66,7.81,0.3266,1.98
783,-1.96,32.7,7.82,0.327,1.96
784,-2,32.74,7.83,0.3274,2
785,-1.92,32.78,7.84,0.3278,1.92
786,-2.02,32.83,7.85,0.3283,2.02
787,-1.94,32.87,7.86,0.3287,1.94
788,-2,32.91,7.87,0.3291,2
789,-1.94,32.95,7.88,0.3295,1.94
790,-2.02,33,7.89,0.33,2.02
791,-1.94,33.04,7.9,0.3304,1.94
792,-2,33.08,7.91,0.3308,2
793,-1.96,33.12,7.92,0.3312,1.96
794,-2,33.17,7.93,0.3317,2
795,-1.96,33.21,7.94,0.3321,1.96
796,-1.98,33.25,7.95,0.3325,1.98
797,-2.02,33.3,7.96,0.333,2.02
798,-1.94,33.34,7.97,0.3334,1.94
799,-2.04,33.38,7.98,0.3338,2.04
800,-1.96,33.42,7.99,0.3342,1.96
801,-1.98,33.46,8,0.3346,1.98
802,-2.02,33.51,8.01,0.3351,2.02
803,-1.98,33.55,8.02,0.3355,1.98
804,-2,33.59,8.03,0.3359,2
805,-2.02,33.63,8.04,0.3363,2.02
806,-1.98,33.68,8.05,0.3368,1.98
807,-2,33.72,8.06,0.3372,2
808,-2,33.76,8.07,0.3376,2
809,-2.02,33.8,8.08,0.338,2.02
810,-2,33.85,8.09,0.3385,2
811,-2.02,33.89,8.1,0.3389,2.02
812,-2,33.93,8.11,0.3393,2
813,-2.02,33.97,8.12,0.3397,2.02
814,-2.02,34.02,8.13,0.3402,2.02
815,-2,34.06,8.14,0.3406,2
816,-2.02,34.1,8.15,0.341,2.02
817,-1.98,34.14,8.16,0.3414,1.98
818,-2.04,34.19,8.17,0.3419,2.04
819,-1.98,34.23,8.18,0.3423,1.98
820,-2.04,34.27,8.19,0.3427,2.04
821,-1.96,34.31,8.2,0.3431,1.96
822,-2.06,34.35,8.21,0.3435,2.06
823,-1.94,34.4,8.22,0.344,1.94
824,-2.06,34.44,8.23,0.3444,2.06
825,-2,34.48,8.24,0.3448,2
826,-2.04,34.53,8.25,0.3453,2.04
827,-2,34.57,8.26,0.3457,2
828,-2.06,34.61,8.27,0.3461,2.06
829,-2,34.66,8.28,0.3466,2
830,-2.02,34.7,8.29,0.347,2.02
831,-2.02,34.74,8.3,0.3474,2.02
832,-2,34.78,8.31,0.3478,2
833,-2.06,34.82,8.32,0.3482,2.06
834,-2,34.87,8.33,0.3487,2
835,-2.04,34.91,8.34,0.3491,2.04
836,-1.98,34.95,8.35,0.3495,1.98
837,-2.06,35,8.36,0.35,2.06
838,-2,35.04,8.37,0.3504,2
839,-2.04,35.08,8.38,0.3508,2.04
840,-2.04,35.12,8.39,0.3512,2.04
841,-2.02,35.17,8.4,0.3517,2.02
842,-2.06,35.21,8.41,0.3521,2.06
843,-2.02,35.25,8.42,0.3525,2.02
844,-2.08,35.29,8.43,0.3529,2.08
845,-2.02,35.34,8.44,0.3534,2.02
846,-2.04,35.38,8.45,0.3538,2.04
847,-2.04,35.42,8.46,0.3542,2.04
848,-2,35.46,8.47,0.3546,2
849,-2.08,35.5,8.48,0.355,2.08
850,-2.02,35.55,8.49,0.3555,2.02
851,-2.06,35.59,8.5,0.3559,2.06
852,-2,35.63,8.51,0.3563,2
853,-2.08,35.67,8.52,0.3567,2.08
854,-2,35.72,8.53,0.3572,2
855,-2.1,35.76,8.54,0.3576,2.1
856,-2,35.8,8.55,0.358,2
857,-2.06,35.84,8.56,0.3584,2.06
858,-2.06,35.89,8.57,0.3589,2.06
859,-2.04,35.93,8.58,0.3593,2.04
860,-2.06,35.97,8.59,0.3597,2.06
861,-2.06,36.01,8.6,0.3601,2.06
862,-2.06,36.06,8.61,0.3606,2.06
863,-2.04,36.1,8.62,0.361,2.04
864,-2.08,36.14,8.63,0.3614,2.08
865,-2.04,36.18,8.64,0.3618,2.04
866,-2.1,36.22,8.65,0.3622,2.1
867,-2,36.27,8.66,0.3627,2
868,-2.12,36.31,8.67,0.3631,2.12
869,-2.04,36.35,8.68,0.3635,2.04
870,-2.06,36.4,8.69,0.364,2.06
871,-2.04,36.44,8.7,0.3644,2.04
872,-2.08,36.48,8.71,0.3648,2.08
873,-2.04,36.53,8.72,0.3653,2.04
874,-2.12,36.56,8.73,0.3656,2.12
875,-2.04,36.61,8.74,0.3661,2.04
876,-2.08,36.65,8.75,0.3665,2.08
877,-2.1,36.69,8.76,0.3669,2.1
878,-2.06,36.74,8.77,0.3674,2.06
879,-2.08,36.78,8.78,0.3678,2.08
880,-2.08,36.82,8.79,0.3682,2.08
881,-2.12,36.86,8.8,0.3686,2.12
882,-2.04,36.91,8.81,0.3691,2.04
883,-2.12,36.95,8.82,0.3695,2.12
884,-2.04,36.99,8.83,0.3699,2.04
885,-2.12,37.03,8.84,0.3703,2.12
886,-2.02,37.08,8.85,0.3708,2.02
887,-2.16,37.12,8.86,0.3712,2.16
888,-2,37.17,8.87,0.3717,2
889,-2.18,37.2,8.88,0.372,2.18
890,-2.02,37.25,8.89,0.3725,2.02
891,-2.16,37.29,8.9,0.3729,2.16
892,-2.02,37.34,8.91,0.3734,2.02
893,-2.14,37.38,8.92,0.3738,2.14
894,-2.04,37.42,8.93,0.3742,2.04
895,-2.12,37.46,8.94,0.3746,2.12
896,-2.08,37.5,8.95,0.375,2.08
897,-2.16,37.54,8.96,0.3754,2.16
898,-2.06,37.59,8.97,0.3759,2.06
899,-2.14,37.63,8.98,0.3763,2.14
900,-2.1,37.67,8.99,0.3767,2.1
901,-2.08,37.71,9,0.3771,2.08
902,-2.12,37.76,9.01,0.3776,2.12
903,-2.1,37.8,9.02,0.378,2.1
904,-2.08,37.84,9.03,0.3784,2.08
905,-2.14,37.88,9.04,0.3788,2.14
906,-2.08,37.93,9.05,0.3793,2.08
907,-2.1,37.97,9.06,0.3797,2.1
908,-2.1,38.01,9.07,0.3801,2.1
909,-2.14,38.05,9.08,0.3805,2.14
910,-2.1,38.1,9.09,0.381,2.1
911,-2.12,38.14,9.1,0.3814,2.12
912,-2.14,38.18,9.11,0.3818,2.14
913,-2.14,38.22,9.12,0.3822,2.14
914,-2.06,38.27,9.13,0.3827,2.06
915,-2.16,38.31,9.14,0.3831,2.16
916,-2.1,38.35,9.15,0.3835,2.1
917,-2.1,38.39,9.16,0.3839,2.1
918,-2.16,38.44,9.17,0.3844,2.16
919,-2.1,38.48,9.18,0.3848,2.1
920,-2.12,38.52,9.19,0.3852,2.12
921,-2.12,38.56,9.2,0.3856,2.12
922,-2.16,38.61,9.21,0.3861,2.16
923,-2.08,38.65,9.22,0.3865,2.08
924,-2.18,38.69,9.23,0.3869,2.18
925,-2.08,38.74,9.24,0.3874,2.08
926,-2.14,38.78,9.25,0.3878,2.14
927,-2.12,38.82,9.26,0.3882,2.12
928,-2.16,38.86,9.27,0.3886,2.16
929,-2.06,38.91,9.28,0.3891,2.06
930,-2.2,38.95,9.29,0.3895,2.2
931,-2.06,38.99,9.3,0.3899,2.06
932,-2.2,39.03,9.31,0.3903,2.2
933,-2.12,39.08,9.32,0.3908,2.12
934,-2.18,39.12,9.33,0.3912,2.18
935,-2.14,39.16,9.34,0.3916,2.14
936,-2.14,39.2,9.35,0.392,2.14
937,-2.12,39.25,9.36,0.3925,2.12
938,-2.16,39.29,9.37,0.3929,2.16
939,-2.12,39.33,9.38,0.3933,2.12
940,-2.14,39.37,9.39,0.3937,2.14
941,-2.16,39.42,9.4,0.3942,2.16
942,-2.12,39.46,9.41,0.3946,2.12
943,-2.16,39.5,9.42,0.395,2.16
944,-2.12,39.54,9.43,0.3954,2.12
945,-2.16,39.59,9.44,0.3959,2.16
946,-2.14,39.63,9.45,0.3963,2.14
947,-2.16,39.67,9.46,0.3967,2.16
948,-2.16,39.71,9.47,0.3971,2.16
949,-2.18,39.75,9.48,0.3975,2.18
950,-2.16,39.8,9.49,0.398,2.16
951,-2.16,39.84,9.5,0.3984,2.16
952,-2.18,39.88,9.51,0.3988,2.18
953,-2.18,39.92,9.52,0.3992,2.18
954,-2.14,39.97,9.53,0.3997,2.14
955,-2.16,40.01,9.54,0.4001,2.16
956,-2.16,40.05,9.55,0.4005,2.16
957,-2.14,40.09,9.56,0.4009,2.14
958,-2.14,40.14,9.57,0.4014,2.14
959,-2.16,40.18,9.58,0.4018,2.16
960,-2.18,40.22,9.59,0.4022,2.18
961,-2.14,40.26,9.6,0.4026,2.14
962,-2.16,40.31,9.61,0.4031,2.16
963,-2.2,40.35,9.62,0.4035,2.2
964,-2.1,40.39,9.63,0.4039,2.1
965,-2.22,40.43,9.64,0.4043,2.22
966,-2.14,40.48,9.65,0.4048,2.14
967,-2.2,40.52,9.66,0.4052,2.2
968,-2.18,40.56,9.67,0.4056,2.18
969,-2.2,40.61,9.68,0.4061,2.2
970,-2.16,40.65,9.69,0.4065,2.16
971,-2.2,40.69,9.7,0.4069,2.2
972,-2.2,40.73,9.71,0.4073,2.2
973,-2.18,40.78,9.72,0.4078,2.18
974,-2.2,40.82,9.73,0.4082,2.2
975,-2.12,40.86,9.74,0.4086,2.12
976,-2.24,40.9,9.75,0.409,2.24
977,-2.16,40.95,9.76,0.4095,2.16
978,-2.24,40.99,9.77,0.4099,2.24
979,-2.14,41.03,9.78,0.4103,2.14
980,-2.24,41.07,9.79,0.4107,2.24
981,-2.18,41.12,9.8,0.4112,2.18
982,-2.22,41.16,9.81,0.4116,2.22
983,-2.16,41.2,9.82,0.412,2.16
984,-2.24,41.24,9.83,0.4124,2.24
985,-2.14,41.29,9.84,0.4129,2.14
986,-2.24,41.33,9.85,0.4133,2.24
987,-2.18,41.37,9.86,0.4137,2.18
988,-2.22,41.42,9.87,0.4142,2.22
989,-2.18,41.46,9.88,0.4146,2.18
990,-2.22,41.5,9.89,0.415,2.22
991,-2.22,41.54,9.9,0.4154,2.22
992,-2.18,41.59,9.91,0.4159,2.18
993,-2.26,41.63,9.92,0.4163,2.26
994,-2.18,41.67,9.93,0.4167,2.18
995,-2.2,41.71,9.94,0.4171,2.2
996,-2.24,41.75,9.95,0.4175,2.24
997,-2.22,41.8,9.96,0.418,2.22
998,-2.18,41.84,9.97,0.4184,2.18
999,-2.26,41.88,9.98,0.4188,2.26
1000,-2.2,41.92,9.99,0.4192,2.2
1001,-2.24,41.96,10,0.4196,2.24
1002,-2.18,42.02,10.01,0.4202,2.18
1003,-2.28,42.06,10.02,0.4206,2.28
1004,-2.22,42.1,10.03,0.421,2.22
1005,-2.2,42.15,10.04,0.4215,2.2
1006,-2.24,42.19,10.05,0.4219,2.24
1007,-2.24,42.23,10.06,0.4223,2.24
1008,-2.22,42.27,10.07,0.4227,2.22
1009,-2.26,42.31,10.08,0.4231,2.26
1010,-2.22,42.36,10.09,0.4236,2.22
1011,-2.18,42.4,10.1,0.424,2.18
1012,-2.28,42.44,10.11,0.4244,2.28
1013,-2.16,42.49,10.12,0.4249,2.16
1014,-2.28,42.53,10.13,0.4253,2.28
1015,-2.2,42.57,10.14,0.4257,2.2
1016,-2.26,42.61,10.15,0.4261,2.26
1017,-2.18,42.66,10.16,0.4266,2.18
1018,-2.28,42.7,10.17,0.427,2.28
1019,-2.22,42.74,10.18,0.4274,2.22
1020,-2.26,42.79,10.19,0.4279,2.26
1021,-2.22,42.83,10.2,0.4283,2.22
1022,-2.26,42.87,10.21,0.4287,2.26
1023,-2.24,42.91,10.22,0.4291,2.24
1024,-2.24,42.96,10.23,0.4296,2.24
1025,-2.26,43,10.24,0.43,2.26
1026,-2.2,43.03,10.25,0.4303,2.2
1027,-2.3,43.07,10.26,0.4307,2.3
1028,-2.2,43.12,10.27,0.4312,2.2
1029,-2.32,43.16,10.28,0.4316,2.32
1030,-2.18,43.2,10.29,0.432,2.18
1031,-2.3,43.24,10.3,0.4324,2.3
1032,-2.22,43.29,10.31,0.4329,2.22
1033,-2.28,43.33,10.32,0.4333,2.28
1034,-2.22,43.37,10.33,0.4337,2.22
1035,-2.32,43.41,10.34,0.4341,2.32
1036,-2.2,43.46,10.35,0.4346,2.2
1037,-2.3,43.5,10.36,0.435,2.3
1038,-2.24,43.54,10.37,0.4354,2.24
1039,-2.28,43.58,10.38,0.4358,2.28
1040,-2.24,43.63,10.39,0.4363,2.24
1041,-2.28,43.67,10.4,0.4367,2.28
1042,-2.22,43.71,10.41,0.4371,2.22
1043,-2.32,43.75,10.42,0.4375,2.32
1044,-2.24,43.8,10.43,0.438,2.24
1045,-2.28,43.84,10.44,0.4384,2.28
1046,-2.28,43.88,10.45,0.4388,2.28
1047,-2.28,43.92,10.46,0.4392,2.28
1048,-2.28,43.97,10.47,0.4397,2.28
1049,-2.26,44.02,10.48,0.4402,2.26
1050,-2.32,44.06,10.49,0.4406,2.32
1051,-2.22,44.1,10.5,0.441,2.22
1052,-2.28,44.14,10.51,0.4414,2.28
1053,-2.26,44.19,10.52,0.4419,2.26
1054,-2.28,44.23,10.53,0.4423,2.28
1055,-2.28,44.27,10.54,0.4427,2.28
1056,-2.26,44.32,10.55,0.4432,2.26
1057,-2.28,44.36,10.56,0.4436,2.28
1058,-2.28,44.4,10.57,0.444,2.28
1059,-2.28,44.44,10.58,0.4444,2.28
1060,-2.3,44.48,10.59,0.4448,2.3
1061,-2.26,44.53,10.6,0.4453,2.26
1062,-2.3,44.57,10.61,0.4457,2.3
1063,-2.3,44.61,10.62,0.4461,2.3
1064,-2.3,44.66,10.63,0.4466,2.3
1065,-2.28,44.7,10.64,0.447,2.28
1066,-2.34,44.74,10.65,0.4474,2.34
1067,-2.24,44.78,10.66,0.4478,2.24
1068,-2.36,44.83,10.67,0.4483,2.36
1069,-2.26,44.87,10.68,0.4487,2.26
1070,-2.32,44.91,10.69,0.4491,2.32
1071,-2.28,44.96,10.7,0.4496,2.28
1072,-2.3,45,10.71,0.45,2.3
1073,-2.3,45.03,10.72,0.4503,2.3
1074,-2.34,45.07,10.73,0.4507,2.34
1075,-2.28,45.12,10.74,0.4512,2.28
1076,-2.34,45.16,10.75,0.4516,2.34
1077,-2.28,45.2,10.76,0.452,2.28
1078,-2.34,45.24,10.77,0.4524,2.34
1079,-2.3,45.29,10.78,0.4529,2.3
1080,-2.28,45.33,10.79,0.4533,2.28
1081,-2.34,45.37,10.8,0.4537,2.34
1082,-2.26,45.41,10.81,0.4541,2.26
1083,-2.36,45.46,10.82,0.4546,2.36
1084,-2.28,45.5,10.83,0.455,2.28
1085,-2.34,45.54,10.84,0.4554,2.34
1086,-2.26,45.58,10.85,0.4558,2.26
1087,-2.38,45.62,10.86,0.4562,2.38
1088,-2.28,45.67,10.87,0.4567,2.28
1089,-2.34,45.71,10.88,0.4571,2.34
1090,-2.3,45.75,10.89,0.4575,2.3
1091,-2.38,45.79,10.9,0.4579,2.38
1092,-2.24,45.84,10.91,0.4584,2.24
1093,-2.42,45.88,10.92,0.4588,2.42
1094,-2.26,45.92,10.93,0.4592,2.26
1095,-2.34,45.96,10.94,0.4596,2.34
1096,-2.34,46.02,10.95,0.4602,2.34
1097,-2.34,46.06,10.96,0.4606,2.34
1098,-2.32,46.1,10.97,0.461,2.32
1099,-2.34,46.14,10.98,0.4614,2.34
1100,-2.36,46.19,10.99,0.4619,2.36
1101,-2.32,46.23,11,0.4623,2.32
1102,-2.36,46.27,11.01,0.4627,2.36
1103,-2.32,46.31,11.02,0.4631,2.32
1104,-2.4,46.36,11.03,0.4636,2.4
1105,-2.28,46.4,11.04,0.464,2.28
1106,-2.42,46.44,11.05,0.4644,2.42
1107,-2.28,46.48,11.06,0.4648,2.28
1108,-2.36,46.53,11.07,0.4653,2.36
1109,-2.36,46.57,11.08,0.4657,2.36
1110,-2.32,46.61,11.09,0.4661,2.32
1111,-2.34,46.66,11.1,0.4666,2.34
1112,-2.36,46.7,11.11,0.467,2.36
1113,-2.34,46.74,11.12,0.4674,2.34
1114,-2.36,46.78,11.13,0.4678,2.36
1115,-2.36,46.83,11.14,0.4683,2.36
1116,-2.36,46.87,11.15,0.4687,2.36
1117,-2.38,46.91,11.16,0.4691,2.38
1118,-2.36,46.95,11.17,0.4695,2.36
1119,-2.38,47,11.18,0.47,2.38
1120,-2.38,47.03,11.19,0.4703,2.38
1121,-2.34,47.07,11.2,0.4707,2.34
1122,-2.4,47.11,11.21,0.4711,2.4
1123,-2.32,47.16,11.22,0.4716,2.32
1124,-2.38,47.2,11.23,0.472,2.38
1125,-2.34,47.24,11.24,0.4724,2.34
1126,-2.4,47.28,11.25,0.4728,2.4
1127,-2.34,47.33,11.26,0.4733,2.34
1128,-2.4,47.37,11.27,0.4737,2.4
1129,-2.34,47.41,11.28,0.4741,2.34
1130,-2.38,47.46,11.29,0.4746,2.38
1131,-2.34,47.5,11.3,0.475,2.34
1132,-2.4,47.54,11.31,0.4754,2.4
1133,-2.36,47.58,11.32,0.4758,2.36
1134,-2.42,47.62,11.33,0.4762,2.42
1135,-2.36,47.67,11.34,0.4767,2.36
1136,-2.36,47.71,11.35,0.4771,2.36
1137,-2.38,47.75,11.36,0.4775,2.38
1138,-2.38,47.79,11.37,0.4779,2.38
1139,-2.36,47.84,11.38,0.4784,2.36
1140,-2.44,47.88,11.39,0.4788,2.44
1141,-2.36,47.92,11.4,0.4792,2.36
1142,-2.4,47.96,11.41,0.4796,2.4
1143,-2.4,48.01,11.42,0.4801,2.4
1144,-2.4,48.06,11.43,0.4806,2.4
1145,-2.38,48.1,11.44,0.481,2.38
1146,-2.4,48.14,11.45,0.4814,2.4
1147,-2.4,48.18,11.46,0.4818,2.4
1148,-2.4,48.23,11.47,0.4823,2.4
1149,-2.42,48.27,11.48,0.4827,2.42
1150,-2.38,48.31,11.49,0.4831,2.38
1151,-2.4,48.36,11.5,0.4836,2.4
1152,-2.4,48.4,11.51,0.484,2.4
1153,-2.4,48.44,11.52,0.4844,2.4
1154,-2.38,48.48,11.53,0.4848,2.38
1155,-2.44,48.53,11.54,0.4853,2.44
1156,-2.38,48.57,11.55,0.4857,2.38
1157,-2.44,48.61,11.56,0.4861,2.44
1158,-2.36,48.65,11.57,0.4865,2.36
1159,-2.46,48.7,11.58,0.487,2.46
1160,-2.38,48.74,11.59,0.4874,2.38
1161,-2.38,48.78,11.6,0.4878,2.38
1162,-2.42,48.82,11.61,0.4882,2.42
1163,-2.42,48.87,11.62,0.4887,2.42
1164,-2.36,48.91,11.63,0.4891,2.36
1165,-2.44,48.95,11.64,0.4895,2.44
1166,-2.4,49,11.65,0.49,2.4
1167,-2.44,49.04,11.66,0.4904,2.44
1168,-2.42,49.08,11.67,0.4908,2.42
1169,-2.42,49.12,11.68,0.4912,2.42
1170,-2.42,49.17,11.69,0.4917,2.42
1171,-2.44,49.21,11.7,0.4921,2.44
1172,-2.4,49.25,11.71,0.4925,2.4
1173,-2.5,49.29,11.72,0.4929,2.5
1174,-2.38,49.34,11.73,0.4934,2.38
1175,-2.5,49.38,11.74,0.4938,2.5
1176,-2.4,49.42,11.75,0.4942,2.4
1177,-2.44,49.46,11.76,0.4946,2.44
1178,-2.42,49.51,11.77,0.4951,2.42
1179,-2.42,49.55,11.78,0.4955,2.42
1180,-2.42,49.59,11.79,0.4959,2.42
1181,-2.48,49.63,11.8,0.4963,2.48
1182,-2.42,49.68,11.81,0.4968,2.42
1183,-2.44,49.72,11.82,0.4972,2.44
1184,-2.44,49.76,11.83,0.4976,2.44
1185,-2.42,49.8,11.84,0.498,2.42
1186,-2.46,49.84,11.85,0.4984,2.46
1187,-2.42,49.89,11.86,0.4989,2.42
1188,-2.5,49.93,11.87,0.4993,2.5
1189,-2.38,49.97,11.88,0.4997,2.38
1190,-2.5,50.01,11.89,0.5001,2.5
1191,-2.38,50.06,11.9,0.5006,2.38
1192,-2.48,50.1,11.91,0.501,2.48
1193,-2.42,50.14,11.92,0.5014,2.42
1194,-2.5,50.18,11.93,0.5018,2.5
1195,-2.44,50.23,11.94,0.5023,2.44
1196,-2.48,50.27,11.95,0.5027,2.48
1197,-2.44,50.31,11.96,0.5031,2.44
1198,-2.48,50.35,11.97,0.5035,2.48
1199,-2.44,50.4,11.98,0.504,2.44
1200,-2.46,50.44,11.99,0.5044,2.46
1201,-2.46,50.48,12,0.5048,2.46
1202,-2.44,50.53,12.01,0.5053,2.44
1203,-2.52,50.57,12.02,0.5057,2.52
1204,-2.42,50.61,12.03,0.5061,2.42
1205,-2.48,50.65,12.04,0.5065,2.48
1206,-2.46,50.7,12.05,0.507,2.46
1207,-2.48,50.74,12.06,0.5074,2.48
1208,-2.44,50.78,12.07,0.5078,2.44
1209,-2.52,50.82,12.08,0.5082,2.52
1210,-2.42,50.87,12.09,0.5087,2.42
1211,-2.52,50.91,12.1,0.5091,2.52
1212,-2.44,50.95,12.11,0.5095,2.44
1213,-2.52,50.99,12.12,0.5099,2.52
1214,-2.46,51.04,12.13,0.5104,2.46
1215,-2.46,51.08,12.14,0.5108,2.46
1216,-2.5,51.12,12.15,0.5112,2.5
1217,-2.46,51.17,12.16,0.5117,2.46
1218,-2.5,51.21,12.17,0.5121,2.5
1219,-2.48,51.25,12.18,0.5125,2.48
1220,-2.48,51.29,12.19,0.5129,2.48
1221,-2.46,51.33,12.2,0.5133,2.46
1222,-2.5,51.38,12.21,0.5138,2.5
1223,-2.5,51.42,12.22,0.5142,2.5
1224,-2.48,51.46,12.23,0.5146,2.48
1225,-2.5,51.5,12.24,0.515,2.5
1226,-2.5,51.55,12.25,0.5155,2.5
1227,-2.5,51.59,12.26,0.5159,2.5
1228,-2.5,51.63,12.27,0.5163,2.5
1229,-2.54,51.67,12.28,0.5167,2.54
1230,-2.46,51.72,12.29,0.5172,2.46
1231,-2.56,51.76,12.3,0.5176,2.56
1232,-2.46,51.8,12.31,0.518,2.46
1233,-2.52,51.84,12.32,0.5184,2.52
1234,-2.48,51.89,12.33,0.5189,2.48
1235,-2.54,51.93,12.34,0.5193,2.54
1236,-2.46,51.97,12.35,0.5197,2.46
1237,-2.58,52.01,12.36,0.5201,2.58
1238,-2.44,52.06,12.37,0.5206,2.44
1239,-2.56,52.1,12.38,0.521,2.56
1240,-2.46,52.14,12.39,0.5214,2.46
1241,-2.56,52.18,12.4,0.5218,2.56
1242,-2.48,52.23,12.41,0.5223,2.48
1243,-2.52,52.27,12.42,0.5227,2.52
1244,-2.48,52.31,12.43,0.5231,2.48
1245,-2.52,52.35,12.44,0.5235,2.52
1246,-2.5,52.4,12.45,0.524,2.5
1247,-2.52,52.44,12.46,0.5244,2.52
1248,-2.52,52.48,12.47,0.5248,2.52
1249,-2.52,52.53,12.48,0.5253,2.52
1250,-2.52,52.57,12.49,0.5257,2.52
1251,-2.46,52.61,12.5,0.5261,2.46
1252,-2.58,52.65,12.51,0.5265,2.58
1253,-2.48,52.7,12.52,0.527,2.48
1254,-2.58,52.74,12.53,0.5274,2.58
1255,-2.48,52.78,12.54,0.5278,2.48
1256,-2.6,52.82,12.55,0.5282,2.6
1257,-2.48,52.87,12.56,0.5287,2.48
1258,-2.58,52.91,12.57,0.5291,2.58
1259,-2.52,52.95,12.58,0.5295,2.52
1260,-2.56,52.99,12.59,0.5299,2.56
1261,-2.5,53.04,12.6,0.5304,2.5
1262,-2.6,53.08,12.61,0.5308,2.6
1263,-2.52,53.12,12.62,0.5312,2.52
1264,-2.6,53.16,12.63,0.5316,2.6
1265,-2.56,53.21,12.64,0.5321,2.56
1266,-2.52,53.25,12.65,0.5325,2.52
1267,-2.56,53.29,12.66,0.5329,2.56
1268,-2.56,53.33,12.67,0.5333,2.56
1269,-2.52,53.38,12.68,0.5338,2.52
1270,-2.58,53.42,12.69,0.5342,2.58
1271,-2.48,53.46,12.7,0.5346,2.48
1272,-2.62,53.5,12.71,0.535,2.62
1273,-2.52,53.55,12.72,0.5355,2.52
1274,-2.58,53.59,12.73,0.5359,2.58
1275,-2.58,53.63,12.74,0.5363,2.58
1276,-2.56,53.67,12.75,0.5367,2.56
1277,-2.54,53.72,12.76,0.5372,2.54
1278,-2.58,53.76,12.77,0.5376,2.58
1279,-2.56,53.8,12.78,0.538,2.56
1280,-2.56,53.84,12.79,0.5384,2.56
1281,-2.6,53.89,12.8,0.5389,2.6
1282,-2.56,53.93,12.81,0.5393,2.56
1283,-2.58,53.97,12.82,0.5397,2.58
1284,-2.58,54.01,12.83,0.5401,2.58
1285,-2.58,54.05,12.84,0.5405,2.58
1286,-2.58,54.1,12.85,0.541,2.58
1287,-2.58,54.14,12.86,0.5414,2.58
1288,-2.54,54.18,12.87,0.5418,2.54
1289,-2.58,54.22,12.88,0.5422,2.58
1290,-2.58,54.27,12.89,0.5427,2.58
1291,-2.58,54.31,12.9,0.5431,2.58
1292,-2.58,54.35,12.91,0.5435,2.58
1293,-2.6,54.39,12.92,0.5439,2.6
1294,-2.56,54.44,12.93,0.5444,2.56
1295,-2.62,54.48,12.94,0.5448,2.62
1296,-2.52,54.52,12.95,0.5452,2.52
1297,-2.64,54.57,12.96,0.5457,2.64
1298,-2.56,54.61,12.97,0.5461,2.56
1299,-2.6,54.65,12.98,0.5465,2.6
1300,-2.6,54.69,12.99,0.5469,2.6
1301,-2.6,54.74,13,0.5474,2.6
1302,-2.56,54.78,13.01,0.5478,2.56
1303,-2.6,54.82,13.02,0.5482,2.6
1304,-2.58,54.86,13.03,0.5486,2.58
1305,-2.58,54.91,13.04,0.5491,2.58
1306,-2.62,54.95,13.05,0.5495,2.62
1307,-2.58,54.99,13.06,0.5499,2.58
1308,-2.6,55.04,13.07,0.5504,2.6
1309,-2.6,55.08,13.08,0.5508,2.6
1310,-2.64,55.12,13.09,0.5512,2.64
1311,-2.56,55.16,13.1,0.5516,2.56
1312,-2.64,55.21,13.11,0.5521,2.64
1313,-2.6,55.25,13.12,0.5525,2.6
1314,-2.64,55.29,13.13,0.5529,2.64
1315,-2.58,55.33,13.14,0.5533,2.58
1316,-2.64,55.37,13.15,0.5537,2.64
1317,-2.54,55.42,13.16,0.5542,2.54
1318,-2.68,55.46,13.17,0.5546,2.68
1319,-2.54,55.5,13.18,0.555,2.54
1320,-2.68,55.54,13.19,0.5554,2.68
1321,-2.56,55.59,13.2,0.5559,2.56
1322,-2.7,55.63,13.21,0.5563,2.7
1323,-2.6,55.67,13.22,0.5567,2.6
1324,-2.62,55.71,13.23,0.5571,2.62
1325,-2.62,55.76,13.24,0.5576,2.62
1326,-2.64,55.8,13.25,0.558,2.64
1327,-2.6,55.84,13.26,0.5584,2.6
1328,-2.66,55.88,13.27,0.5588,2.66
1329,-2.62,55.93,13.28,0.5593,2.62
1330,-2.6,55.97,13.29,0.5597,2.6
1331,-2.66,56.02,13.3,0.5602,2.66
1332,-2.6,56.06,13.31,0.5606,2.6
1333,-2.6,56.11,13.32,0.5611,2.6
1334,-2.68,56.15,13.33,0.5615,2.68
1335,-2.56,56.19,13.34,0.5619,2.56
1336,-2.72,56.23,13.35,0.5623,2.72
1337,-2.58,56.28,13.36,0.5628,2.58
1338,-2.66,56.32,13.37,0.5632,2.66
1339,-2.62,56.36,13.38,0.5636,2.62
1340,-2.7,56.4,13.39,0.564,2.7
1341,-2.62,56.45,13.4,0.5645,2.62
1342,-2.68,56.49,13.41,0.5649,2.68
1343,-2.6,56.53,13.42,0.5653,2.6
1344,-2.66,56.57,13.43,0.5657,2.66
1345,-2.66,56.62,13.44,0.5662,2.66
1346,-2.6,56.66,13.45,0.5666,2.6
1347,-2.68,56.7,13.46,0.567,2.68
1348,-2.64,56.75,13.47,0.5675,2.64
1349,-2.68,56.79,13.48,0.5679,2.68
1350,-2.62,56.83,13.49,0.5683,2.62
1351,-2.72,56.87,13.5,0.5687,2.72
1352,-2.6,56.92,13.51,0.5692,2.6
1353,-2.72,56.96,13.52,0.5696,2.72
1354,-2.6,57,13.53,0.57,2.6
1355,-2.72,57.03,13.54,0.5703,2.72
1356,-2.62,57.08,13.55,0.5708,2.62
1357,-2.72,57.12,13.56,0.5712,2.72
1358,-2.6,57.16,13.57,0.5716,2.6
1359,-2.74,57.2,13.58,0.572,2.74
1360,-2.58,57.25,13.59,0.5725,2.58
1361,-2.74,57.29,13.6,0.5729,2.74
1362,-2.62,57.33,13.61,0.5733,2.62
1363,-2.7,57.38,13.62,0.5738,2.7
1364,-2.64,57.42,13.63,0.5742,2.64
1365,-2.74,57.46,13.64,0.5746,2.74
1366,-2.66,57.5,13.65,0.575,2.66
1367,-2.72,57.54,13.66,0.5754,2.72
1368,-2.66,57.59,13.67,0.5759,2.66
1369,-2.72,57.63,13.68,0.5763,2.72
1370,-2.68,57.67,13.69,0.5767,2.68
1371,-2.68,57.71,13.7,0.5771,2.68
1372,-2.74,57.75,13.71,0.5775,2.74
1373,-2.66,57.8,13.72,0.578,2.66
1374,-2.72,57.84,13.73,0.5784,2.72
1375,-2.7,57.88,13.74,0.5788,2.7
1376,-2.74,57.92,13.75,0.5792,2.74
1377,-2.64,57.97,13.76,0.5797,2.64
1378,-2.76,58.01,13.77,0.5801,2.76
1379,-2.64,58.05,13.78,0.5805,2.64
1380,-2.74,58.09,13.79,0.5809,2.74
1381,-2.68,58.14,13.8,0.5814,2.68
1382,-2.76,58.18,13.81,0.5818,2.76
1383,-2.66,58.22,13.82,0.5822,2.66
1384,-2.78,58.26,13.83,0.5826,2.78
1385,-2.64,58.31,13.84,0.5831,2.64
1386,-2.72,58.35,13.85,0.5835,2.72
1387,-2.7,58.39,13.86,0.5839,2.7
1388,-2.68,58.43,13.87,0.5843,2.68
1389,-2.74,58.48,13.88,0.5848,2.74
1390,-2.68,58.52,13.89,0.5852,2.68
1391,-2.76,58.56,13.9,0.5856,2.76
1392,-2.7,58.61,13.91,0.5861,2.7
1393,-2.74,58.65,13.92,0.5865,2.74
1394,-2.7,58.69,13.93,0.5869,2.7
1395,-2.76,58.73,13.94,0.5873,2.76
1396,-2.68,58.78,13.95,0.5878,2.68
1397,-2.76,58.82,13.96,0.5882,2.76
1398,-2.72,58.86,13.97,0.5886,2.72
1399,-2.72,58.91,13.98,0.5891,2.72
1400,-2.74,58.95,13.99,0.5895,2.74
1401,-2.72,58.99,14,0.5899,2.72
1402,-2.74,59.04,14.01,0.5904,2.74
1403,-2.76,59.08,14.02,0.5908,2.76
1404,-2.74,59.13,14.03,0.5913,2.74
1405,-2.72,59.17,14.04,0.5917,2.72
1406,-2.76,59.21,14.05,0.5921,2.76
1407,-2.74,59.26,14.06,0.5926,2.74
1408,-2.72,59.3,14.07,0.593,2.72
1409,-2.74,59.34,14.08,0.5934,2.74
1410,-2.76,59.38,14.09,0.5938,2.76
1411,-2.72,59.43,14.1,0.5943,2.72
1412,-2.78,59.47,14.11,0.5947,2.78
1413,-2.72,59.51,14.12,0.5951,2.72
1414,-2.74,59.55,14.13,0.5955,2.74
1415,-2.76,59.59,14.14,0.5959,2.76
1416,-2.76,59.64,14.15,0.5964,2.76
1417,-2.78,59.68,14.16,0.5968,2.78
1418,-2.72,59.72,14.17,0.5972,2.72
1419,-2.78,59.76,14.18,0.5976,2.78
1420,-2.74,59.81,14.19,0.5981,2.74
1421,-2.76,59.85,14.2,0.5985,2.76
1422,-2.76,59.89,14.21,0.5989,2.76
1423,-2.78,59.93,14.22,0.5993,2.78
1424,-2.74,59.98,14.23,0.5998,2.74
1425,-2.8,60.02,14.24,0.6002,2.8
1426,-2.74,60.06,14.25,0.6006,2.74
1427,-2.82,60.1,14.26,0.601,2.82
1428,-2.78,60.14,14.27,0.6014,2.78
1429,-2.78,60.19,14.28,0.6019,2.78
1430,-2.76,60.23,14.29,0.6023,2.76
1431,-2.8,60.27,14.3,0.6027,2.8
1432,-2.74,60.32,14.31,0.6032,2.74
1433,-2.84,60.36,14.32,0.6036,2.84
1434,-2.72,60.4,14.33,0.604,2.72
1435,-2.82,60.44,14.34,0.6044,2.82
1436,-2.76,60.49,14.35,0.6049,2.76
1437,-2.82,60.53,14.36,0.6053,2.82
1438,-2.74,60.57,14.37,0.6057,2.74
1439,-2.84,60.61,14.38,0.6061,2.84
1440,-2.72,60.66,14.39,0.6066,2.72
1441,-2.86,60.7,14.4,0.607,2.86
1442,-2.74,60.74,14.41,0.6074,2.74
1443,-2.84,60.79,14.42,0.6079,2.84
1444,-2.76,60.83,14.43,0.6083,2.76
1445,-2.8,60.87,14.44,0.6087,2.8
1446,-2.78,60.91,14.45,0.6091,2.78
1447,-2.82,60.96,14.46,0.6096,2.82
1448,-2.8,61,14.47,0.61,2.8
1449,-2.78,61.03,14.48,0.6103,2.78
1450,-2.84,61.07,14.49,0.6107,2.84
1451,-2.78,61.12,14.5,0.6112,2.78
1452,-2.84,61.16,14.51,0.6116,2.84
1453,-2.78,61.2,14.52,0.612,2.78
1454,-2.84,61.24,14.53,0.6124,2.84
1455,-2.74,61.29,14.54,0.6129,2.74
1456,-2.9,61.33,14.55,0.6133,2.9
1457,-2.76,61.37,14.56,0.6137,2.76
1458,-2.86,61.41,14.57,0.6141,2.86
1459,-2.78,61.46,14.58,0.6146,2.78
1460,-2.82,61.5,14.59,0.615,2.82
1461,-2.8,61.54,14.6,0.6154,2.8
1462,-2.9,61.58,14.61,0.6158,2.9
1463,-2.78,61.63,14.62,0.6163,2.78
1464,-2.9,61.67,14.63,0.6167,2.9
1465,-2.76,61.71,14.64,0.6171,2.76
1466,-2.88,61.75,14.65,0.6175,2.88
1467,-2.8,61.8,14.66,0.618,2.8
1468,-2.82,61.84,14.67,0.6184,2.82
1469,-2.88,61.88,14.68,0.6188,2.88
1470,-2.8,61.92,14.69,0.6192,2.8
1471,-2.82,61.97,14.7,0.6197,2.82
1472,-2.84,62.01,14.71,0.6201,2.84
1473,-2.84,62.05,14.72,0.6205,2.84
1474,-2.82,62.09,14.73,0.6209,2.82
1475,-2.86,62.13,14.74,0.6213,2.86
1476,-2.76,62.18,14.75,0.6218,2.76
1477,-2.86,62.22,14.76,0.6222,2.86
1478,-2.88,62.26,14.77,0.6226,2.88
1479,-2.84,62.3,14.78,0.623,2.84
1480,-2.86,62.35,14.79,0.6235,2.86
1481,-2.88,62.39,14.8,0.6239,2.88
1482,-2.86,62.43,14.81,0.6243,2.86
1483,-2.86,62.47,14.82,0.6247,2.86
1484,-2.82,62.52,14.83,0.6252,2.82
1485,-2.88,62.56,14.84,0.6256,2.88
1486,-2.84,62.6,14.85,0.626,2.84
1487,-2.88,62.65,14.86,0.6265,2.88
1488,-2.84,62.69,14.87,0.6269,2.84
1489,-2.92,62.73,14.88,0.6273,2.92
1490,-2.8,62.77,14.89,0.6277,2.8
1491,-2.9,62.82,14.9,0.6282,2.9
1492,-2.86,62.86,14.91,0.6286,2.86
1493,-2.88,62.9,14.92,0.629,2.88
1494,-2.88,62.94,14.93,0.6294,2.88
1495,-2.88,62.99,14.94,0.6299,2.88
1496,-2.82,63.03,14.95,0.6303,2.82
1497,-2.94,63.07,14.96,0.6307,2.94
1498,-2.82,63.12,14.97,0.6312,2.82
1499,-2.94,63.16,14.98,0.6316,2.94
1500,-2.84,63.2,14.99,0.632,2.84
1501,-2.92,63.24,15,0.6324,2.92
1502,-2.86,63.29,15.01,0.6329,2.86
1503,-2.92,63.33,15.02,0.6333,2.92
1504,-2.9,63.37,15.03,0.6337,2.9
1505,-2.86,63.41,15.04,0.6341,2.86
1506,-2.92,63.46,15.05,0.6346,2.92
1507,-2.86,63.5,15.06,0.635,2.86
1508,-2.94,63.54,15.07,0.6354,2.94
1509,-2.84,63.58,15.08,0.6358,2.84
1510,-2.96,63.62,15.09,0.6362,2.96
1511,-2.82,63.67,15.1,0.6367,2.82
1512,-2.98,63.71,15.11,0.6371,2.98
1513,-2.84,63.75,15.12,0.6375,2.84
1514,-2.96,63.79,15.13,0.6379,2.96
1515,-2.86,63.84,15.14,0.6384,2.86
1516,-2.96,63.88,15.15,0.6388,2.96
1517,-2.9,63.92,15.16,0.6392,2.9
1518,-2.9,63.96,15.17,0.6396,2.9
1519,-2.92,64.01,15.18,0.6401,2.92
1520,-2.92,64.05,15.19,0.6405,2.92
1521,-2.88,64.09,15.2,0.6409,2.88
1522,-2.94,64.13,15.21,0.6413,2.94
1523,-2.88,64.18,15.22,0.6418,2.88
1524,-2.94,64.22,15.23,0.6422,2.94
1525,-2.92,64.26,15.24,0.6426,2.92
1526,-2.92,64.3,15.25,0.643,2.92
1527,-2.9,64.35,15.26,0.6435,2.9
1528,-2.96,64.39,15.27,0.6439,2.96
1529,-2.9,64.43,15.28,0.6443,2.9
1530,-2.98,64.47,15.29,0.6447,2.98
1531,-2.86,64.52,15.3,0.6452,2.86
1532,-3,64.56,15.31,0.6456,3
1533,-2.88,64.6,15.32,0.646,2.88
1534,-2.98,64.64,15.33,0.6464,2.98
1535,-2.9,64.69,15.34,0.6469,2.9
1536,-2.96,64.73,15.35,0.6473,2.96
1537,-2.9,64.77,15.36,0.6477,2.9
1538,-3,64.82,15.37,0.6482,3
1539,-2.92,64.86,15.38,0.6486,2.92
1540,-2.98,64.9,15.39,0.649,2.98
1541,-2.92,64.95,15.4,0.6495,2.92
1542,-2.94,64.99,15.41,0.6499,2.94
1543,-2.94,65.03,15.42,0.6503,2.94
1544,-2.98,65.07,15.43,0.6507,2.98
1545,-2.96,65.11,15.44,0.6511,2.96
1546,-2.94,65.16,15.45,0.6516,2.94
1547,-2.98,65.2,15.46,0.652,2.98
1548,-2.92,65.24,15.47,0.6524,2.92
1549,-3,65.28,15.48,0.6528,3
1550,-2.94,65.33,15.49,0.6533,2.94
1551,-3,65.37,15.5,0.6537,3
1552,-2.94,65.41,15.51,0.6541,2.94
1553,-3,65.45,15.52,0.6545,3
1554,-2.94,65.5,15.53,0.655,2.94
1555,-3.02,65.54,15.54,0.6554,3.02
1556,-2.94,65.58,15.55,0.6558,2.94
1557,-2.98,65.62,15.56,0.6562,2.98
1558,-2.98,65.67,15.57,0.6567,2.98
1559,-3,65.71,15.58,0.6571,3
1560,-2.96,65.75,15.59,0.6575,2.96
1561,-3,65.79,15.6,0.6579,3
1562,-2.96,65.84,15.61,0.6584,2.96
1563,-3.04,65.88,15.62,0.6588,3.04
1564,-2.98,65.92,15.63,0.6592,2.98
1565,-2.98,65.96,15.64,0.6596,2.98
1566,-2.98,66.01,15.65,0.6601,2.98
1567,-3.02,66.06,15.66,0.6606,3.02
1568,-2.96,66.1,15.67,0.661,2.96
1569,-3.02,66.14,15.68,0.6614,3.02
1570,-2.98,66.18,15.69,0.6618,2.98
1571,-3,66.23,15.7,0.6623,3
1572,-3,66.27,15.71,0.6627,3
1573,-3,66.31,15.72,0.6631,3
1574,-3.02,66.36,15.73,0.6636,3.02
1575,-3.02,66.4,15.74,0.664,3.02
1576,-3.04,66.44,15.75,0.6644,3.04
1577,-2.98,66.48,15.76,0.6648,2.98
1578,-3.06,66.53,15.76,0.6653,3.06
1579,-2.98,66.57,15.76,0.6657,2.98
1580,-3.02,66.61,15.76,0.6661,3.02
1581,-2.96,66.65,15.8,0.6665,2.96
1582,-3.04,66.7,15.81,0.667,3.04
1583,-2.98,66.74,15.82,0.6674,2.98
1584,-3.04,66.78,15.83,0.6678,3.04
1585,-3,66.83,15.84,0.6683,3
1586,-3.08,66.87,15.85,0.6687,3.08
1587,-2.98,66.91,15.86,0.6691,2.98
1588,-3.08,66.95,15.87,0.6695,3.08
1589,-3,67,15.88,0.67,3
1590,-3.04,67.04,15.89,0.6704,3.04
1591,-3.04,67.08,15.9,0.6708,3.04
1592,-3.06,67.12,15.91,0.6712,3.06
1593,-3,67.17,15.92,0.6717,3
1594,-3.06,67.21,15.93,0.6721,3.06
1595,-3,67.25,15.94,0.6725,3
1596,-3.06,67.29,15.95,0.6729,3.06
1597,-3.04,67.34,15.96,0.6734,3.04
1598,-3.06,67.38,15.97,0.6738,3.06
1599,-3.02,67.42,15.98,0.6742,3.02
1600,-3.06,67.46,15.99,0.6746,3.06
1601,-3.04,67.51,16,0.6751,3.04
1602,-3.08,67.55,16.01,0.6755,3.08
1603,-3.02,67.59,16.02,0.6759,3.02
1604,-3.08,67.63,16.03,0.6763,3.08
1605,-3.04,67.68,16.04,0.6768,3.04
1606,-3.08,67.72,16.05,0.6772,3.08
1607,-3.04,67.76,16.06,0.6776,3.04
1608,-3.08,67.8,16.07,0.678,3.08
1609,-3.04,67.84,16.08,0.6784,3.04
1610,-3.1,67.89,16.09,0.6789,3.1
1611,-3.06,67.93,16.1,0.6793,3.06
1612,-3.08,67.97,16.11,0.6797,3.08
1613,-3.1,68.01,16.12,0.6801,3.1
1614,-3.02,68.06,16.13,0.6806,3.02
1615,-3.1,68.1,16.14,0.681,3.1
1616,-3.04,68.14,16.15,0.6814,3.04
1617,-3.12,68.18,16.16,0.6818,3.12
1618,-3.04,68.23,16.17,0.6823,3.04
1619,-3.14,68.27,16.18,0.6827,3.14
1620,-3.06,68.31,16.19,0.6831,3.06
1621,-3.08,68.35,16.2,0.6835,3.08
1622,-3.1,68.4,16.21,0.684,3.1
1623,-3.1,68.44,16.22,0.6844,3.1
1624,-3.06,68.48,16.23,0.6848,3.06
1625,-3.14,68.52,16.24,0.6852,3.14
1626,-3.08,68.57,16.25,0.6857,3.08
1627,-3.12,68.61,16.26,0.6861,3.12
1628,-3.08,68.65,16.27,0.6865,3.08
1629,-3.12,68.7,16.28,0.687,3.12
1630,-3.1,68.74,16.29,0.6874,3.1
1631,-3.12,68.78,16.3,0.6878,3.12
1632,-3.1,68.82,16.31,0.6882,3.1
1633,-3.08,68.87,16.32,0.6887,3.08
1634,-3.16,68.91,16.33,0.6891,3.16
1635,-3.12,68.95,16.34,0.6895,3.12
1636,-3.12,68.99,16.35,0.6899,3.12
1637,-3.1,69.04,16.36,0.6904,3.1
1638,-3.14,69.08,16.37,0.6908,3.14
1639,-3.08,69.12,16.38,0.6912,3.08
1640,-3.14,69.16,16.39,0.6916,3.14
1641,-3.12,69.21,16.4,0.6921,3.12
1642,-3.12,69.25,16.41,0.6925,3.12
1643,-3.12,69.29,16.42,0.6929,3.12
1644,-3.14,69.33,16.43,0.6933,3.14
1645,-3.14,69.38,16.44,0.6938,3.14
1646,-3.14,69.42,16.45,0.6942,3.14
1647,-3.16,69.46,16.46,0.6946,3.16
1648,-3.14,69.5,16.47,0.695,3.14
1649,-3.18,69.55,16.48,0.6955,3.18
1650,-3.14,69.59,16.49,0.6959,3.14
1651,-3.16,69.63,16.5,0.6963,3.16
1652,-3.18,69.67,16.51,0.6967,3.18
1653,-3.12,69.72,16.52,0.6972,3.12
1654,-3.16,69.76,16.53,0.6976,3.16
1655,-3.14,69.8,16.54,0.698,3.14
1656,-3.16,69.84,16.55,0.6984,3.16
1657,-3.14,69.89,16.56,0.6989,3.14
1658,-3.2,69.93,16.57,0.6993,3.2
1659,-3.1,69.97,16.58,0.6997,3.1
1660,-3.22,70.01,16.59,0.7001,3.22
1661,-3.1,70.05,16.6,0.7005,3.1
1662,-3.2,70.1,16.61,0.701,3.2
1663,-3.12,70.14,16.62,0.7014,3.12
1664,-3.18,70.18,16.63,0.7018,3.18
1665,-3.16,70.23,16.64,0.7023,3.16
1666,-3.2,70.27,16.65,0.7027,3.2
1667,-3.16,70.31,16.66,0.7031,3.16
1668,-3.18,70.35,16.67,0.7035,3.18
1669,-3.18,70.4,16.68,0.704,3.18
1670,-3.18,70.44,16.69,0.7044,3.18
1671,-3.2,70.48,16.7,0.7048,3.2
1672,-3.2,70.52,16.71,0.7052,3.2
1673,-3.2,70.57,16.72,0.7057,3.2
1674,-3.16,70.61,16.73,0.7061,3.16
1675,-3.2,70.65,16.74,0.7065,3.2
1676,-3.2,70.69,16.75,0.7069,3.2
1677,-3.2,70.74,16.76,0.7074,3.2
1678,-3.2,70.78,16.77,0.7078,3.2
1679,-3.22,70.82,16.78,0.7082,3.22
1680,-3.16,70.87,16.79,0.7087,3.16
1681,-3.22,70.91,16.8,0.7091,3.22
1682,-3.2,70.95,16.81,0.7095,3.2
1683,-3.22,70.99,16.82,0.7099,3.22
1684,-3.2,71.04,16.83,0.7104,3.2
1685,-3.22,71.08,16.84,0.7108,3.22
1686,-3.24,71.12,16.85,0.7112,3.24
1687,-3.18,71.16,16.86,0.7116,3.18
1688,-3.22,71.21,16.87,0.7121,3.22
1689,-3.24,71.25,16.88,0.7125,3.24
1690,-3.16,71.29,16.89,0.7129,3.16
1691,-3.26,71.33,16.9,0.7133,3.26
1692,-3.18,71.37,16.91,0.7137,3.18
1693,-3.22,71.42,16.92,0.7142,3.22
1694,-3.22,71.46,16.93,0.7146,3.22
1695,-3.22,71.5,16.94,0.715,3.22
1696,-3.24,71.54,16.95,0.7154,3.24
1697,-3.24,71.59,16.96,0.7159,3.24
1698,-3.26,71.63,16.97,0.7163,3.26
1699,-3.22,71.67,16.98,0.7167,3.22
1700,-3.28,71.71,16.99,0.7171,3.28
1701,-3.2,71.76,17,0.7176,3.2
1702,-3.34,71.8,17.01,0.718,3.34
1703,-3.18,71.84,17.02,0.7184,3.18
1704,-3.3,71.88,17.03,0.7188,3.3
1705,-3.24,71.93,17.04,0.7193,3.24
1706,-3.24,71.97,17.05,0.7197,3.24
1707,-3.24,72.02,17.06,0.7202,3.24
1708,-3.26,72.06,17.07,0.7206,3.26
1709,-3.22,72.11,17.08,0.7211,3.22
1710,-3.3,72.15,17.09,0.7215,3.3
1711,-3.24,72.19,17.1,0.7219,3.24
1712,-3.26,72.23,17.11,0.7223,3.26
1713,-3.26,72.28,17.12,0.7228,3.26
1714,-3.28,72.32,17.13,0.7232,3.28
1715,-3.24,72.36,17.14,0.7236,3.24
1716,-3.32,72.4,17.15,0.724,3.32
1717,-3.24,72.45,17.16,0.7245,3.24
1718,-3.32,72.49,17.17,0.7249,3.32
1719,-3.24,72.53,17.18,0.7253,3.24
1720,-3.28,72.57,17.19,0.7257,3.28
1721,-3.26,72.62,17.2,0.7262,3.26
1722,-3.3,72.66,17.21,0.7266,3.3
1723,-3.26,72.7,17.22,0.727,3.26
1724,-3.3,72.75,17.23,0.7275,3.3
1725,-3.28,72.79,17.24,0.7279,3.28
1726,-3.3,72.83,17.25,0.7283,3.3
1727,-3.26,72.87,17.26,0.7287,3.26
1728,-3.32,72.92,17.27,0.7292,3.32
1729,-3.3,72.96,17.28,0.7296,3.3
1730,-3.28,73,17.29,0.73,3.28
1731,-3.3,73.03,17.3,0.7303,3.3
1732,-3.32,73.08,17.31,0.7308,3.32
1733,-3.3,73.12,17.32,0.7312,3.3
1734,-3.3,73.16,17.33,0.7316,3.3
1735,-3.3,73.21,17.34,0.7321,3.3
1736,-3.3,73.25,17.35,0.7325,3.3
1737,-3.3,73.29,17.36,0.7329,3.3
1738,-3.32,73.33,17.37,0.7333,3.32
1739,-3.32,73.37,17.38,0.7337,3.32
1740,-3.28,73.42,17.39,0.7342,3.28
1741,-3.36,73.46,17.4,0.7346,3.36
1742,-3.3,73.5,17.41,0.735,3.3
1743,-3.36,73.54,17.42,0.7354,3.36
1744,-3.24,73.59,17.43,0.7359,3.24
1745,-3.4,73.63,17.44,0.7363,3.4
1746,-3.28,73.67,17.45,0.7367,3.28
1747,-3.38,73.71,17.46,0.7371,3.38
1748,-3.3,73.75,17.47,0.7375,3.3
1749,-3.36,73.8,17.48,0.738,3.36
1750,-3.32,73.84,17.49,0.7384,3.32
1751,-3.3,73.88,17.5,0.7388,3.3
1752,-3.38,73.92,17.51,0.7392,3.38
1753,-3.28,73.97,17.52,0.7397,3.28
1754,-3.44,74.01,17.53,0.7401,3.44
1755,-3.3,74.05,17.54,0.7405,3.3
1756,-3.38,74.09,17.55,0.7409,3.38
1757,-3.36,74.14,17.56,0.7414,3.36
1758,-3.38,74.18,17.57,0.7418,3.38
1759,-3.32,74.22,17.58,0.7422,3.32
1760,-3.42,74.26,17.59,0.7426,3.42
1761,-3.32,74.31,17.6,0.7431,3.32
1762,-3.38,74.35,17.61,0.7435,3.38
1763,-3.36,74.39,17.62,0.7439,3.36
1764,-3.38,74.44,17.63,0.7444,3.38
1765,-3.36,74.48,17.64,0.7448,3.36
1766,-3.36,74.52,17.65,0.7452,3.36
1767,-3.38,74.56,17.66,0.7456,3.38
1768,-3.36,74.61,17.67,0.7461,3.36
1769,-3.42,74.65,17.68,0.7465,3.42
1770,-3.34,74.69,17.69,0.7469,3.34
1771,-3.44,74.73,17.7,0.7473,3.44
1772,-3.34,74.78,17.71,0.7478,3.34
1773,-3.44,74.82,17.72,0.7482,3.44
1774,-3.34,74.86,17.73,0.7486,3.34
1775,-3.4,74.91,17.74,0.7491,3.4
1776,-3.36,74.95,17.75,0.7495,3.36
1777,-3.42,74.99,17.76,0.7499,3.42
1778,-3.38,75.03,17.77,0.7503,3.38
1779,-3.4,75.08,17.78,0.7508,3.4
1780,-3.42,75.12,17.79,0.7512,3.42
1781,-3.36,75.16,17.8,0.7516,3.36
1782,-3.42,75.2,17.81,0.752,3.42
1783,-3.42,75.25,17.82,0.7525,3.42
1784,-3.42,75.29,17.83,0.7529,3.42
1785,-3.42,75.33,17.84,0.7533,3.42
1786,-3.44,75.37,17.85,0.7537,3.44
1787,-3.38,75.42,17.86,0.7542,3.38
1788,-3.46,75.46,17.87,0.7546,3.46
1789,-3.34,75.5,17.88,0.755,3.34
1790,-3.5,75.54,17.89,0.7554,3.5
1791,-3.38,75.58,17.9,0.7558,3.38
1792,-3.48,75.63,17.91,0.7563,3.48
1793,-3.44,75.67,17.92,0.7567,3.44
1794,-3.46,75.71,17.93,0.7571,3.46
1795,-3.44,75.75,17.94,0.7575,3.44
1796,-3.46,75.8,17.95,0.758,3.46
1797,-3.44,75.84,17.96,0.7584,3.44
1798,-3.46,75.88,17.97,0.7588,3.46
1799,-3.48,75.92,17.98,0.7592,3.48
1800,-3.4,75.97,17.99,0.7597,3.4
1801,-3.52,76.01,18,0.7601,3.52
1802,-3.4,76.05,18.01,0.7605,3.4
1803,-3.5,76.09,18.02,0.7609,3.5
1804,-3.44,76.14,18.03,0.7614,3.44
1805,-3.48,76.18,18.04,0.7618,3.48
1806,-3.44,76.22,18.05,0.7622,3.44
1807,-3.48,76.26,18.06,0.7626,3.48
1808,-3.46,76.31,18.07,0.7631,3.46
1809,-3.46,76.35,18.08,0.7635,3.46
1810,-3.5,76.39,18.09,0.7639,3.5
1811,-3.48,76.43,18.1,0.7643,3.48
1812,-3.5,76.48,18.11,0.7648,3.5
1813,-3.48,76.52,18.12,0.7652,3.48
1814,-3.5,76.56,18.13,0.7656,3.5
1815,-3.5,76.61,18.14,0.7661,3.5
1816,-3.48,76.65,18.15,0.7665,3.48
1817,-3.48,76.69,18.16,0.7669,3.48
1818,-3.48,76.73,18.17,0.7673,3.48
1819,-3.52,76.78,18.18,0.7678,3.52
1820,-3.44,76.82,18.19,0.7682,3.44
1821,-3.56,76.86,18.2,0.7686,3.56
1822,-3.44,76.9,18.21,0.769,3.44
1823,-3.56,76.95,18.22,0.7695,3.56
1824,-3.48,76.99,18.23,0.7699,3.48
1825,-3.52,77.03,18.24,0.7703,3.52
1826,-3.5,77.07,18.25,0.7707,3.5
1827,-3.52,77.12,18.26,0.7712,3.52
1828,-3.46,77.16,18.27,0.7716,3.46
1829,-3.56,77.2,18.28,0.772,3.56
1830,-3.48,77.24,18.29,0.7724,3.48
1831,-3.52,77.29,18.3,0.7729,3.52
1832,-3.52,77.33,18.31,0.7733,3.52
1833,-3.52,77.37,18.32,0.7737,3.52
1834,-3.52,77.41,18.33,0.7741,3.52
1835,-3.54,77.46,18.34,0.7746,3.54
1836,-3.56,77.5,18.35,0.775,3.56
1837,-3.48,77.54,18.36,0.7754,3.48
1838,-3.58,77.58,18.37,0.7758,3.58
1839,-3.5,77.63,18.38,0.7763,3.5
1840,-3.58,77.67,18.39,0.7767,3.58
1841,-3.52,77.71,18.4,0.7771,3.52
1842,-3.6,77.75,18.41,0.7775,3.6
1843,-3.48,77.8,18.42,0.778,3.48
1844,-3.58,77.84,18.43,0.7784,3.58
1845,-3.5,77.88,18.44,0.7788,3.5
1846,-3.56,77.92,18.45,0.7792,3.56
1847,-3.56,77.96,18.46,0.7796,3.56
1848,-3.56,78.01,18.47,0.7801,3.56
1849,-3.56,78.05,18.48,0.7805,3.56
1850,-3.5,78.09,18.49,0.7809,3.5
1851,-3.62,78.13,18.5,0.7813,3.62
1852,-3.52,78.18,18.51,0.7818,3.52
1853,-3.6,78.22,18.52,0.7822,3.6
1854,-3.58,78.26,18.53,0.7826,3.58
1855,-3.58,78.3,18.54,0.783,3.58
1856,-3.56,78.35,18.55,0.7835,3.56
1857,-3.6,78.39,18.56,0.7839,3.6
1858,-3.6,78.43,18.57,0.7843,3.6
1859,-3.54,78.48,18.58,0.7848,3.54
1860,-3.68,78.52,18.59,0.7852,3.68
1861,-3.52,78.56,18.6,0.7856,3.52
1862,-3.66,78.6,18.61,0.786,3.66
1863,-3.56,78.65,18.62,0.7865,3.56
1864,-3.6,78.69,18.63,0.7869,3.6
1865,-3.58,78.73,18.64,0.7873,3.58
1866,-3.64,78.77,18.65,0.7877,3.64
1867,-3.58,78.82,18.66,0.7882,3.58
1868,-3.64,78.86,18.67,0.7886,3.64
1869,-3.56,78.9,18.68,0.789,3.56
1870,-3.68,78.94,18.69,0.7894,3.68
1871,-3.58,78.99,18.7,0.7899,3.58
1872,-3.62,79.03,18.71,0.7903,3.62
1873,-3.64,79.07,18.72,0.7907,3.64
1874,-3.62,79.12,18.73,0.7912,3.62
1875,-3.62,79.16,18.74,0.7916,3.62
1876,-3.62,79.2,18.75,0.792,3.62
1877,-3.64,79.24,18.76,0.7924,3.64
1878,-3.6,79.29,18.77,0.7929,3.6
1879,-3.64,79.33,18.78,0.7933,3.64
1880,-3.64,79.37,18.79,0.7937,3.64
1881,-3.62,79.41,18.8,0.7941,3.62
1882,-3.66,79.45,18.81,0.7945,3.66
1883,-3.66,79.5,18.82,0.795,3.66
1884,-3.64,79.54,18.83,0.7954,3.64
1885,-3.7,79.58,18.84,0.7958,3.7
1886,-3.62,79.62,18.85,0.7962,3.62
1887,-3.68,79.67,18.86,0.7967,3.68
1888,-3.62,79.71,18.87,0.7971,3.62
1889,-3.68,79.75,18.88,0.7975,3.68
1890,-3.62,79.79,18.89,0.7979,3.62
1891,-3.7,79.84,18.9,0.7984,3.7
1892,-3.66,79.88,18.91,0.7988,3.66
1893,-3.72,79.92,18.92,0.7992,3.72
1894,-3.62,79.96,18.93,0.7996,3.62
1895,-3.72,80.01,18.94,0.8001,3.72
1896,-3.68,80.05,18.95,0.8005,3.68
1897,-3.7,80.09,18.96,0.8009,3.7
1898,-3.74,80.13,18.97,0.8013,3.74
1899,-3.68,80.17,18.98,0.8017,3.68
1900,-3.7,80.22,18.99,0.8022,3.7
1901,-3.72,80.26,19,0.8026,3.72
1902,-3.7,80.3,19.01,0.803,3.7
1903,-3.66,80.35,19.02,0.8035,3.66
1904,-3.76,80.39,19.03,0.8039,3.76
1905,-3.7,80.43,19.04,0.8043,3.7
1906,-3.72,80.47,19.05,0.8047,3.72
1907,-3.72,80.52,19.06,0.8052,3.72
1908,-3.74,80.56,19.07,0.8056,3.74
1909,-3.7,80.6,19.08,0.806,3.7
1910,-3.72,80.64,19.09,0.8064,3.72
1911,-3.74,80.69,19.1,0.8069,3.74
1912,-3.7,80.73,19.11,0.8073,3.7
1913,-3.78,80.77,19.12,0.8077,3.78
1914,-3.66,80.82,19.13,0.8082,3.66
1915,-3.76,80.86,19.14,0.8086,3.76
1916,-3.68,80.9,19.15,0.809,3.68
1917,-3.8,80.94,19.16,0.8094,3.8
1918,-3.7,80.99,19.17,0.8099,3.7
1919,-3.76,81.03,19.18,0.8103,3.76
1920,-3.72,81.07,19.19,0.8107,3.72
1921,-3.8,81.11,19.2,0.8111,3.8
1922,-3.7,81.16,19.21,0.8116,3.7
1923,-3.8,81.2,19.22,0.812,3.8
1924,-3.72,81.24,19.23,0.8124,3.72
1925,-3.76,81.28,19.24,0.8128,3.76
1926,-3.8,81.33,19.25,0.8133,3.8
1927,-3.74,81.37,19.26,0.8137,3.74
1928,-3.8,81.41,19.27,0.8141,3.8
1929,-3.76,81.45,19.28,0.8145,3.76
1930,-3.78,81.5,19.29,0.815,3.78
1931,-3.74,81.54,19.3,0.8154,3.74
1932,-3.84,81.58,19.31,0.8158,3.84
1933,-3.74,81.62,19.32,0.8162,3.74
1934,-3.82,81.66,19.33,0.8166,3.82
1935,-3.76,81.71,19.34,0.8171,3.76
1936,-3.84,81.75,19.35,0.8175,3.84
1937,-3.74,81.79,19.36,0.8179,3.74
1938,-3.82,81.83,19.37,0.8183,3.82
1939,-3.82,81.88,19.38,0.8188,3.82
1940,-3.78,81.92,19.39,0.8192,3.78
1941,-3.84,81.96,19.4,0.8196,3.84
1942,-3.78,82,19.41,0.82,3.78
1943,-3.84,82.06,19.42,0.8206,3.84
1944,-3.78,82.1,19.43,0.821,3.78
1945,-3.86,82.14,19.44,0.8214,3.86
1946,-3.78,82.18,19.45,0.8218,3.78
1947,-3.86,82.23,19.46,0.8223,3.86
1948,-3.8,82.27,19.47,0.8227,3.8
1949,-3.9,82.31,19.48,0.8231,3.9
1950,-3.74,82.35,19.49,0.8235,3.74
1951,-3.92,82.4,19.5,0.824,3.92
1952,-3.78,82.44,19.51,0.8244,3.78
1953,-3.88,82.48,19.52,0.8248,3.88
1954,-3.82,82.52,19.53,0.8252,3.82
1955,-3.88,82.57,19.54,0.8257,3.88
1956,-3.86,82.61,19.55,0.8261,3.86
1957,-3.88,82.65,19.56,0.8265,3.88
1958,-3.86,82.7,19.57,0.827,3.86
1959,-3.84,82.74,19.58,0.8274,3.84
1960,-3.86,82.78,19.59,0.8278,3.86
1961,-3.84,82.82,19.6,0.8282,3.84
1962,-3.86,82.87,19.61,0.8287,3.86
1963,-3.86,82.91,19.62,0.8291,3.86
1964,-3.92,82.95,19.63,0.8295,3.92
1965,-3.86,82.99,19.64,0.8299,3.86
1966,-3.9,83.04,19.65,0.8304,3.9
1967,-3.88,83.08,19.66,0.8308,3.88
1968,-3.88,83.12,19.67,0.8312,3.88
1969,-3.86,83.17,19.68,0.8317,3.86
1970,-3.92,83.21,19.69,0.8321,3.92
1971,-3.86,83.25,19.7,0.8325,3.86
1972,-3.9,83.29,19.71,0.8329,3.9
1973,-3.9,83.34,19.72,0.8334,3.9
1974,-3.92,83.38,19.73,0.8338,3.92
1975,-3.9,83.42,19.74,0.8342,3.9
1976,-3.92,83.46,19.75,0.8346,3.92
1977,-3.94,83.51,19.76,0.8351,3.94
1978,-3.88,83.55,19.77,0.8355,3.88
1979,-3.98,83.59,19.78,0.8359,3.98
1980,-3.92,83.63,19.79,0.8363,3.92
1981,-3.96,83.67,19.8,0.8367,3.96
1982,-3.94,83.72,19.81,0.8372,3.94
1983,-3.94,83.76,19.82,0.8376,3.94
1984,-3.94,83.8,19.83,0.838,3.94
1985,-3.96,83.84,19.84,0.8384,3.96
1986,-3.94,83.89,19.85,0.8389,3.94
1987,-4,83.93,19.86,0.8393,4
1988,-3.92,83.97,19.87,0.8397,3.92
1989,-3.98,84.01,19.88,0.8401,3.98
1990,-3.96,84.05,19.89,0.8405,3.96
1991,-3.96,84.1,19.9,0.841,3.96
1992,-3.98,84.14,19.91,0.8414,3.98
1993,-4,84.18,19.92,0.8418,4
1994,-3.96,84.23,19.93,0.8423,3.96
1995,-4,84.27,19.94,0.8427,4
1996,-3.96,84.31,19.95,0.8431,3.96
1997,-4,84.35,19.96,0.8435,4
1998,-3.96,84.4,19.97,0.844,3.96
1999,-4.04,84.44,19.98,0.8444,4.04
2000,-3.96,84.48,19.99,0.8448,3.96
2001,-4.02,84.52,20,0.8452,4.02
2002,-3.98,84.57,20.01,0.8457,3.98
2003,-4.02,84.61,20.02,0.8461,4.02
2004,-3.98,84.65,20.03,0.8465,3.98
2005,-4.02,84.69,20.04,0.8469,4.02
2006,-3.96,84.74,20.05,0.8474,3.96
2007,-4.08,84.78,20.06,0.8478,4.08
2008,-4,84.82,20.07,0.8482,4
2009,-4,84.87,20.08,0.8487,4
2010,-4.08,84.91,20.09,0.8491,4.08
2011,-4,84.95,20.1,0.8495,4
2012,-4.06,84.99,20.11,0.8499,4.06
2013,-3.98,85.03,20.12,0.8503,3.98
2014,-4.06,85.07,20.13,0.8507,4.06
2015,-4,85.11,20.14,0.8511,4
2016,-4.06,85.15,20.15,0.8515,4.06
2017,-4.02,85.2,20.16,0.852,4.02
2018,-4.1,85.24,20.17,0.8524,4.1
2019,-4,85.28,20.18,0.8528,4
2020,-4.08,85.32,20.19,0.8532,4.08
2021,-4.06,85.37,20.2,0.8537,4.06
2022,-4.02,85.41,20.21,0.8541,4.02
2023,-4.12,85.45,20.22,0.8545,4.12
2024,-4.04,85.49,20.23,0.8549,4.04
2025,-4.1,85.54,20.24,0.8554,4.1
2026,-4.06,85.58,20.25,0.8558,4.06
2027,-4.1,85.62,20.26,0.8562,4.1
2028,-4.02,85.66,20.27,0.8566,4.02
2029,-4.14,85.7,20.28,0.857,4.14
2030,-4.02,85.75,20.29,0.8575,4.02
2031,-4.16,85.79,20.3,0.8579,4.16
2032,-4.04,85.83,20.31,0.8583,4.04
2033,-4.16,85.87,20.32,0.8587,4.16
2034,-4.06,85.92,20.33,0.8592,4.06
2035,-4.16,85.96,20.34,0.8596,4.16
2036,-4.1,86,20.35,0.86,4.1
2037,-4.12,86.05,20.36,0.8605,4.12
2038,-4.12,86.1,20.37,0.861,4.12
2039,-4.14,86.14,20.38,0.8614,4.14
2040,-4.14,86.18,20.39,0.8618,4.14
2041,-4.1,86.22,20.4,0.8622,4.1
2042,-4.16,86.27,20.41,0.8627,4.16
2043,-4.1,86.31,20.42,0.8631,4.1
2044,-4.2,86.35,20.43,0.8635,4.2
2045,-4.12,86.39,20.44,0.8639,4.12
2046,-4.22,86.44,20.45,0.8644,4.22
2047,-4.08,86.48,20.46,0.8648,4.08
2048,-4.28,86.52,20.47,0.8652,4.28
2049,-4.08,86.56,20.48,0.8656,4.08
2050,-4.24,86.61,20.49,0.8661,4.24
2051,-4.1,86.65,20.5,0.8665,4.1
2052,-4.24,86.69,20.51,0.8669,4.24
2053,-4.12,86.74,20.52,0.8674,4.12
2054,-4.24,86.78,20.53,0.8678,4.24
2055,-4.16,86.82,20.54,0.8682,4.16
2056,-4.24,86.86,20.55,0.8686,4.24
2057,-4.16,86.91,20.56,0.8691,4.16
2058,-4.26,86.95,20.57,0.8695,4.26
2059,-4.12,86.99,20.58,0.8699,4.12
2060,-4.26,87.03,20.59,0.8703,4.26
2061,-4.2,87.08,20.6,0.8708,4.2
2062,-4.26,87.12,20.61,0.8712,4.26
2063,-4.18,87.16,20.62,0.8716,4.18
2064,-4.28,87.2,20.63,0.872,4.28
2065,-4.18,87.25,20.64,0.8725,4.18
2066,-4.26,87.29,20.65,0.8729,4.26
2067,-4.22,87.33,20.66,0.8733,4.22
2068,-4.24,87.37,20.67,0.8737,4.24
2069,-4.24,87.42,20.68,0.8742,4.24
2070,-4.22,87.46,20.69,0.8746,4.22
2071,-4.3,87.5,20.7,0.875,4.3
2072,-4.2,87.54,20.71,0.8754,4.2
2073,-4.32,87.59,20.72,0.8759,4.32
2074,-4.18,87.63,20.73,0.8763,4.18
2075,-4.3,87.67,20.74,0.8767,4.3
2076,-4.24,87.71,20.75,0.8771,4.24
2077,-4.3,87.75,20.76,0.8775,4.3
2078,-4.24,87.8,20.77,0.878,4.24
2079,-4.32,87.84,20.78,0.8784,4.32
2080,-4.24,87.88,20.79,0.8788,4.24
2081,-4.34,87.92,20.8,0.8792,4.34
2082,-4.24,87.97,20.81,0.8797,4.24
2083,-4.32,88.01,20.82,0.8801,4.32
2084,-4.28,88.05,20.83,0.8805,4.28
2085,-4.34,88.09,20.84,0.8809,4.34
2086,-4.28,88.14,20.85,0.8814,4.28
2087,-4.36,88.18,20.86,0.8818,4.36
2088,-4.28,88.22,20.87,0.8822,4.28
2089,-4.38,88.26,20.88,0.8826,4.38
2090,-4.32,88.31,20.89,0.8831,4.32
2091,-4.32,88.35,20.9,0.8835,4.32
2092,-4.34,88.39,20.91,0.8839,4.34
2093,-4.34,88.43,20.92,0.8843,4.34
2094,-4.32,88.48,20.93,0.8848,4.32
2095,-4.36,88.52,20.94,0.8852,4.36
2096,-4.36,88.56,20.95,0.8856,4.36
2097,-4.34,88.61,20.96,0.8861,4.34
2098,-4.38,88.65,20.97,0.8865,4.38
2099,-4.36,88.69,20.98,0.8869,4.36
2100,-4.4,88.73,20.99,0.8873,4.4
2101,-4.36,88.78,21,0.8878,4.36
2102,-4.4,88.82,21.01,0.8882,4.4
2103,-4.34,88.86,21.02,0.8886,4.34
2104,-4.44,88.9,21.03,0.889,4.44
2105,-4.34,88.95,21.04,0.8895,4.34
2106,-4.44,88.99,21.05,0.8899,4.44
2107,-4.38,89.03,21.06,0.8903,4.38
2108,-4.42,89.07,21.07,0.8907,4.42
2109,-4.36,89.12,21.08,0.8912,4.36
2110,-4.4,89.16,21.09,0.8916,4.4
2111,-4.4,89.2,21.1,0.892,4.4
2112,-4.42,89.24,21.11,0.8924,4.42
2113,-4.4,89.29,21.12,0.8929,4.4
2114,-4.42,89.33,21.13,0.8933,4.42
2115,-4.46,89.37,21.14,0.8937,4.46
2116,-4.38,89.41,21.15,0.8941,4.38
2117,-4.48,89.46,21.16,0.8946,4.48
2118,-4.42,89.5,21.17,0.895,4.42
2119,-4.46,89.54,21.18,0.8954,4.46
2120,-4.44,89.58,21.19,0.8958,4.44
2121,-4.5,89.63,21.2,0.8963,4.5
2122,-4.44,89.67,21.21,0.8967,4.44
2123,-4.5,89.71,21.22,0.8971,4.5
2124,-4.44,89.75,21.23,0.8975,4.44
2125,-4.46,89.8,21.24,0.898,4.46
2126,-4.5,89.84,21.25,0.8984,4.5
2127,-4.44,89.88,21.26,0.8988,4.44
2128,-4.54,89.92,21.27,0.8992,4.54
2129,-4.44,89.96,21.28,0.8996,4.44
2130,-4.54,90.01,21.29,0.9001,4.54
2131,-4.46,90.04,21.3,0.9004,4.46
2132,-4.5,90.08,21.31,0.9008,4.5
2133,-4.48,90.12,21.32,0.9012,4.48
2134,-4.54,90.17,21.33,0.9017,4.54
2135,-4.48,90.21,21.34,0.9021,4.48
2136,-4.56,90.25,21.35,0.9025,4.56
2137,-4.48,90.3,21.36,0.903,4.48
2138,-4.54,90.34,21.37,0.9034,4.54
2139,-4.52,90.38,21.38,0.9038,4.52
2140,-4.54,90.42,21.39,0.9042,4.54
2141,-4.54,90.47,21.4,0.9047,4.54
2142,-4.56,90.51,21.41,0.9051,4.56
2143,-4.58,90.55,21.42,0.9055,4.58
2144,-4.52,90.59,21.43,0.9059,4.52
2145,-4.64,90.64,21.44,0.9064,4.64
2146,-4.52,90.68,21.45,0.9068,4.52
2147,-4.62,90.72,21.46,0.9072,4.62
2148,-4.54,90.76,21.47,0.9076,4.54
2149,-4.62,90.81,21.48,0.9081,4.62
2150,-4.52,90.85,21.49,0.9085,4.52
2151,-4.66,90.89,21.5,0.9089,4.66
2152,-4.58,90.93,21.51,0.9093,4.58
2153,-4.62,90.98,21.52,0.9098,4.62
2154,-4.6,91.03,21.53,0.9103,4.6
2155,-4.64,91.07,21.54,0.9107,4.64
2156,-4.58,91.12,21.55,0.9112,4.58
2157,-4.64,91.16,21.56,0.9116,4.64
2158,-4.62,91.2,21.57,0.912,4.62
2159,-4.62,91.24,21.58,0.9124,4.62
2160,-4.64,91.29,21.59,0.9129,4.64
2161,-4.66,91.33,21.6,0.9133,4.66
2162,-4.64,91.37,21.61,0.9137,4.64
2163,-4.68,91.41,21.62,0.9141,4.68
2164,-4.64,91.45,21.63,0.9145,4.64
2165,-4.7,91.5,21.64,0.915,4.7
2166,-4.64,91.54,21.65,0.9154,4.64
2167,-4.66,91.58,21.66,0.9158,4.66
2168,-4.66,91.62,21.67,0.9162,4.66
2169,-4.66,91.67,21.68,0.9167,4.66
2170,-4.7,91.71,21.69,0.9171,4.7
2171,-4.68,91.75,21.7,0.9175,4.68
2172,-4.68,91.79,21.71,0.9179,4.68
2173,-4.74,91.84,21.72,0.9184,4.74
2174,-4.7,91.88,21.73,0.9188,4.7
2175,-4.74,91.92,21.74,0.9192,4.74
2176,-4.7,91.96,21.75,0.9196,4.7
2177,-4.74,92,21.76,0.92,4.74
2178,-4.74,92.05,21.77,0.9205,4.74
2179,-4.74,92.09,21.78,0.9209,4.74
2180,-4.74,92.13,21.79,0.9213,4.74
2181,-4.74,92.18,21.8,0.9218,4.74
2182,-4.74,92.22,21.81,0.9222,4.74
2183,-4.76,92.26,21.82,0.9226,4.76
2184,-4.8,92.3,21.83,0.923,4.8
2185,-4.7,92.35,21.84,0.9235,4.7
2186,-4.84,92.39,21.85,0.9239,4.84
2187,-4.72,92.43,21.86,0.9243,4.72
2188,-4.84,92.47,21.87,0.9247,4.84
2189,-4.76,92.52,21.88,0.9252,4.76
2190,-4.84,92.56,21.89,0.9256,4.84
2191,-4.74,92.6,21.9,0.926,4.74
2192,-4.88,92.64,21.91,0.9264,4.88
2193,-4.74,92.69,21.92,0.9269,4.74
2194,-4.86,92.73,21.93,0.9273,4.86
2195,-4.8,92.77,21.94,0.9277,4.8
2196,-4.88,92.82,21.95,0.9282,4.88
2197,-4.8,92.86,21.96,0.9286,4.8
2198,-4.88,92.9,21.97,0.929,4.88
2199,-4.84,92.94,21.98,0.9294,4.84
2200,-4.84,92.99,21.99,0.9299,4.84
2201,-4.88,93.03,22,0.9303,4.88
2202,-4.86,93.07,22.01,0.9307,4.86
2203,-4.86,93.11,22.02,0.9311,4.86
2204,-4.88,93.16,22.03,0.9316,4.88
2205,-4.86,93.2,22.04,0.932,4.86
2206,-4.88,93.24,22.05,0.9324,4.88
2207,-4.88,93.28,22.06,0.9328,4.88
2208,-4.86,93.33,22.07,0.9333,4.86
2209,-4.94,93.37,22.08,0.9337,4.94
2210,-4.86,93.41,22.09,0.9341,4.86
2211,-4.96,93.45,22.1,0.9345,4.96
2212,-4.86,93.49,22.11,0.9349,4.86
2213,-4.96,93.54,22.12,0.9354,4.96
2214,-4.92,93.58,22.13,0.9358,4.92
2215,-5,93.62,22.14,0.9362,5
2216,-4.92,93.66,22.15,0.9366,4.92
2217,-5,93.71,22.16,0.9371,5
2218,-4.94,93.75,22.17,0.9375,4.94
2219,-4.94,93.79,22.18,0.9379,4.94
2220,-5,93.83,22.19,0.9383,5
2221,-4.92,93.87,22.2,0.9387,4.92
2222,-4.96,93.92,22.21,0.9392,4.96
2223,-4.96,93.96,22.22,0.9396,4.96
2224,-5,94,22.23,0.94,5
2225,-4.98,94.04,22.24,0.9404,4.98
2226,-4.98,94.09,22.25,0.9409,4.98
2227,-5.02,94.13,22.26,0.9413,5.02
2228,-4.98,94.17,22.27,0.9417,4.98
2229,-5.04,94.21,22.28,0.9421,5.04
2230,-5,94.26,22.29,0.9426,5
2231,-5.08,94.3,22.3,0.943,5.08
2232,-5.02,94.34,22.31,0.9434,5.02
2233,-5.08,94.39,22.32,0.9439,5.08
2234,-5.06,94.43,22.33,0.9443,5.06
2235,-5.06,94.47,22.34,0.9447,5.06
2236,-5.04,94.51,22.35,0.9451,5.04
2237,-5.08,94.56,22.36,0.9456,5.08
2238,-5.04,94.6,22.37,0.946,5.04
2239,-5.12,94.64,22.38,0.9464,5.12
2240,-5.08,94.68,22.39,0.9468,5.08
2241,-5.08,94.73,22.4,0.9473,5.08
2242,-5.16,94.77,22.41,0.9477,5.16
2243,-5.06,94.81,22.42,0.9481,5.06
2244,-5.16,94.85,22.43,0.9485,5.16
2245,-5.08,94.9,22.44,0.949,5.08
2246,-5.18,94.94,22.45,0.9494,5.18
2247,-5.08,94.98,22.46,0.9498,5.08
2248,-5.18,95.03,22.47,0.9503,5.18
2249,-5.1,95.07,22.48,0.9507,5.1
2250,-5.2,95.11,22.49,0.9511,5.2
2251,-5.12,95.15,22.5,0.9515,5.12
2252,-5.2,95.2,22.51,0.952,5.2
2253,-5.14,95.24,22.52,0.9524,5.14
2254,-5.2,95.28,22.53,0.9528,5.2
2255,-5.18,95.32,22.54,0.9532,5.18
2256,-5.18,95.36,22.55,0.9536,5.18
2257,-5.2,95.41,22.56,0.9541,5.2
2258,-5.2,95.45,22.57,0.9545,5.2
2259,-5.22,95.49,22.58,0.9549,5.22
2260,-5.18,95.53,22.59,0.9553,5.18
2261,-5.26,95.58,22.6,0.9558,5.26
2262,-5.2,95.62,22.61,0.9562,5.2
2263,-5.26,95.66,22.62,0.9566,5.26
2264,-5.2,95.7,22.63,0.957,5.2
2265,-5.3,95.75,22.64,0.9575,5.3
2266,-5.2,95.79,22.65,0.9579,5.2
2267,-5.3,95.83,22.66,0.9583,5.3
2268,-5.22,95.87,22.67,0.9587,5.22
2269,-5.3,95.91,22.68,0.9591,5.3
2270,-5.3,95.96,22.69,0.9596,5.3
2271,-5.34,96,22.7,0.96,5.34
2272,-5.3,96.04,22.71,0.9604,5.3
2273,-5.26,96.09,22.72,0.9609,5.26
2274,-5.34,96.13,22.73,0.9613,5.34
2275,-5.3,96.17,22.74,0.9617,5.3
2276,-5.32,96.21,22.75,0.9621,5.32
2277,-5.32,96.25,22.76,0.9625,5.32
2278,-5.38,96.3,22.77,0.963,5.38
2279,-5.28,96.34,22.78,0.9634,5.28
2280,-5.4,96.38,22.79,0.9638,5.4
2281,-5.34,96.43,22.8,0.9643,5.34
2282,-5.36,96.47,22.81,0.9647,5.36
2283,-5.36,96.51,22.82,0.9651,5.36
2284,-5.4,96.56,22.83,0.9656,5.4
2285,-5.38,96.6,22.84,0.966,5.38
2286,-5.44,96.64,22.85,0.9664,5.44
2287,-5.4,96.68,22.86,0.9668,5.4
2288,-5.38,96.72,22.87,0.9672,5.38
2289,-5.46,96.77,22.88,0.9677,5.46
2290,-5.38,96.81,22.89,0.9681,5.38
2291,-5.5,96.85,22.9,0.9685,5.5
2292,-5.4,96.9,22.91,0.969,5.4
2293,-5.48,96.94,22.92,0.9694,5.48
2294,-5.42,96.98,22.93,0.9698,5.42
2295,-5.48,97.02,22.94,0.9702,5.48
2296,-5.44,97.07,22.95,0.9707,5.44
2297,-5.52,97.11,22.96,0.9711,5.52
2298,-5.44,97.15,22.97,0.9715,5.44
2299,-5.52,97.19,22.98,0.9719,5.52
2300,-5.5,97.23,22.99,0.9723,5.5
2301,-5.52,97.28,23,0.9728,5.52
2302,-5.5,97.32,23.01,0.9732,5.5
2303,-5.54,97.36,23.02,0.9736,5.54
2304,-5.5,97.4,23.03,0.974,5.5
2305,-5.56,97.45,23.04,0.9745,5.56
2306,-5.54,97.49,23.05,0.9749,5.54
2307,-5.54,97.53,23.06,0.9753,5.54
2308,-5.56,97.57,23.07,0.9757,5.56
2309,-5.58,97.61,23.08,0.9761,5.58
2310,-5.54,97.66,23.09,0.9766,5.54
2311,-5.62,97.7,23.1,0.977,5.62
2312,-5.58,97.74,23.11,0.9774,5.58
2313,-5.58,97.78,23.12,0.9778,5.58
2314,-5.66,97.83,23.13,0.9783,5.66
2315,-5.6,97.87,23.14,0.9787,5.6
2316,-5.66,97.91,23.15,0.9791,5.66
2317,-5.62,97.95,23.16,0.9795,5.62
2318,-5.66,97.99,23.17,0.9799,5.66
2319,-5.6,98.04,23.18,0.9804,5.6
2320,-5.7,98.08,23.19,0.9808,5.7
2321,-5.66,98.12,23.2,0.9812,5.66
2322,-5.74,98.16,23.21,0.9816,5.74
2323,-5.64,98.21,23.22,0.9821,5.64
2324,-5.74,98.25,23.23,0.9825,5.74
2325,-5.7,98.29,23.24,0.9829,5.7
2326,-5.72,98.34,23.25,0.9834,5.72
2327,-5.72,98.38,23.26,0.9838,5.72
2328,-5.74,98.42,23.27,0.9842,5.74
2329,-5.7,98.46,23.28,0.9846,5.7
2330,-5.78,98.5,23.29,0.985,5.78
2331,-5.7,98.55,23.3,0.9855,5.7
2332,-5.8,98.59,23.31,0.9859,5.8
2333,-5.72,98.63,23.32,0.9863,5.72
2334,-5.82,98.68,23.33,0.9868,5.82
2335,-5.72,98.72,23.34,0.9872,5.72
2336,-5.84,98.76,23.35,0.9876,5.84
2337,-5.78,98.8,23.36,0.988,5.78
2338,-5.84,98.85,23.37,0.9885,5.84
2339,-5.82,98.89,23.38,0.9889,5.82
2340,-5.84,98.93,23.39,0.9893,5.84
2341,-5.84,98.97,23.4,0.9897,5.84
2342,-5.88,99.02,23.41,0.9902,5.88
2343,-5.84,99.06,23.42,0.9906,5.84
2344,-5.88,99.1,23.43,0.991,5.88
2345,-5.88,99.14,23.44,0.9914,5.88
2346,-5.88,99.19,23.45,0.9919,5.88
2347,-5.96,99.23,23.46,0.9923,5.96
2348,-5.84,99.27,23.47,0.9927,5.84
2349,-5.96,99.32,23.48,0.9932,5.96
2350,-5.88,99.36,23.49,0.9936,5.88
2351,-5.98,99.4,23.5,0.994,5.98
2352,-5.9,99.44,23.51,0.9944,5.9
2353,-6,99.48,23.52,0.9948,6
2354,-5.88,99.53,23.53,0.9953,5.88
2355,-6.06,99.57,23.54,0.9957,6.06
2356,-5.92,99.61,23.55,0.9961,5.92
2357,-6.02,99.65,23.56,0.9965,6.02
2358,-6,99.7,23.57,0.997,6
2359,-6.02,99.74,23.58,0.9974,6.02
2360,-6,99.78,23.59,0.9978,6
2361,-6.02,99.82,23.6,0.9982,6.02
2362,-6.08,99.86,23.61,0.9986,6.08
2363,-6,99.91,23.62,0.9991,6
2364,-6.12,99.95,23.63,0.9995,6.12
2365,-6.02,99.99,23.64,0.9999,6.02
2366,-6.08,100.03,23.65,1.0003,6.08
2367,-6.08,100.08,23.66,1.0008,6.08
2368,-6.14,100.12,23.67,1.0012,6.14
2369,-6.06,100.16,23.68,1.0016,6.06
2370,-6.14,100.2,23.69,1.002,6.14
2371,-6.08,100.25,23.7,1.0025,6.08
2372,-6.16,100.29,23.71,1.0029,6.16
2373,-6.1,100.33,23.72,1.0033,6.1
2374,-6.16,100.37,23.73,1.0037,6.16
2375,-6.12,100.42,23.74,1.0042,6.12
2376,-6.18,100.46,23.75,1.0046,6.18
2377,-6.16,100.5,23.76,1.005,6.16
2378,-6.24,100.54,23.77,1.0054,6.24
2379,-6.16,100.59,23.78,1.0059,6.16
2380,-6.26,100.63,23.79,1.0063,6.26
2381,-6.18,100.67,23.8,1.0067,6.18
2382,-6.24,100.72,23.81,1.0072,6.24
2383,-6.28,100.76,23.82,1.0076,6.28
2384,-6.26,100.8,23.83,1.008,6.26
2385,-6.24,100.84,23.84,1.0084,6.24
2386,-6.3,100.89,23.85,1.0089,6.3
2387,-6.24,100.93,23.86,1.0093,6.24
2388,-6.3,100.97,23.87,1.0097,6.3
2389,-6.28,101.02,23.88,1.0102,6.28
2390,-6.34,101.07,23.89,1.0107,6.34
2391,-6.28,101.11,23.9,1.0111,6.28
2392,-6.36,101.15,23.91,1.0115,6.36
2393,-6.3,101.19,23.92,1.0119,6.3
2394,-6.4,101.24,23.93,1.0124,6.4
2395,-6.32,101.28,23.94,1.0128,6.32
2396,-6.42,101.32,23.95,1.0132,6.42
2397,-6.38,101.37,23.96,1.0137,6.38
2398,-6.44,101.41,23.97,1.0141,6.44
2399,-6.4,101.45,23.98,1.0145,6.4
2400,-6.48,101.49,23.99,1.0149,6.48
2401,-6.38,101.53,24,1.0153,6.38
2402,-6.48,101.58,24.01,1.0158,6.48
2403,-6.46,101.62,24.02,1.0162,6.46
2404,-6.42,101.66,24.03,1.0166,6.42
2405,-6.54,101.7,24.04,1.017,6.54
2406,-6.44,101.75,24.05,1.0175,6.44
2407,-6.52,101.79,24.06,1.0179,6.52
2408,-6.5,101.83,24.07,1.0183,6.5
2409,-6.58,101.87,24.08,1.0187,6.58
2410,-6.44,101.91,24.09,1.0191,6.44
2411,-6.64,101.96,24.1,1.0196,6.64
2412,-6.5,102,24.11,1.02,6.5
2413,-6.64,102.04,24.12,1.0204,6.64
2414,-6.56,102.08,24.13,1.0208,6.56
2415,-6.62,102.12,24.14,1.0212,6.62
2416,-6.56,102.17,24.15,1.0217,6.56
2417,-6.66,102.21,24.16,1.0221,6.66
2418,-6.58,102.25,24.17,1.0225,6.58
2419,-6.7,102.3,24.18,1.023,6.7
2420,-6.6,102.34,24.19,1.0234,6.6
2421,-6.74,102.38,24.2,1.0238,6.74
2422,-6.62,102.42,24.21,1.0242,6.62
2423,-6.72,102.47,24.22,1.0247,6.72
2424,-6.68,102.51,24.23,1.0251,6.68
2425,-6.72,102.55,24.24,1.0255,6.72
2426,-6.72,102.59,24.25,1.0259,6.72
2427,-6.72,102.64,24.26,1.0264,6.72
2428,-6.76,102.68,24.27,1.0268,6.76
2429,-6.74,102.72,24.28,1.0272,6.74
2430,-6.78,102.76,24.29,1.0276,6.78
2431,-6.8,102.81,24.3,1.0281,6.8
2432,-6.78,102.85,24.31,1.0285,6.78
2433,-6.84,102.89,24.32,1.0289,6.84
2434,-6.82,102.93,24.33,1.0293,6.82
2435,-6.86,102.98,24.34,1.0298,6.86
2436,-6.84,103.01,24.35,1.0301,6.84
2437,-6.88,103.05,24.36,1.0305,6.88
2438,-6.86,103.09,24.37,1.0309,6.86
2439,-6.9,103.14,24.38,1.0314,6.9
2440,-6.88,103.18,24.39,1.0318,6.88
2441,-6.94,103.22,24.4,1.0322,6.94
2442,-6.9,103.27,24.41,1.0327,6.9
2443,-6.92,103.31,24.42,1.0331,6.92
2444,-6.98,103.35,24.43,1.0335,6.98
2445,-6.92,103.39,24.44,1.0339,6.92
2446,-6.98,103.43,24.45,1.0343,6.98
2447,-6.98,103.48,24.46,1.0348,6.98
2448,-7,103.52,24.47,1.0352,7
2449,-7.04,103.56,24.48,1.0356,7.04
2450,-7.06,103.6,24.49,1.036,7.06
2451,-7.04,103.65,24.5,1.0365,7.04
2452,-7.1,103.69,24.51,1.0369,7.1
2453,-7.06,103.73,24.52,1.0373,7.06
2454,-7.1,103.77,24.53,1.0377,7.1
2455,-7.12,103.82,24.54,1.0382,7.12
2456,-7.12,103.86,24.55,1.0386,7.12
2457,-7.12,103.9,24.56,1.039,7.12
2458,-7.16,103.94,24.57,1.0394,7.16
2459,-7.16,103.98,24.58,1.0398,7.16
2460,-7.18,104.03,24.59,1.0403,7.18
2461,-7.2,104.07,24.6,1.0407,7.2
2462,-7.2,104.11,24.61,1.0411,7.2
2463,-7.22,104.15,24.62,1.0415,7.22
2464,-7.22,104.2,24.63,1.042,7.22
2465,-7.28,104.24,24.64,1.0424,7.28
2466,-7.22,104.28,24.65,1.0428,7.22
2467,-7.32,104.32,24.66,1.0432,7.32
2468,-7.26,104.37,24.67,1.0437,7.26
2469,-7.32,104.41,24.68,1.0441,7.32
2470,-7.28,104.45,24.69,1.0445,7.28
2471,-7.38,104.49,24.7,1.0449,7.38
2472,-7.3,104.54,24.71,1.0454,7.3
2473,-7.38,104.58,24.72,1.0458,7.38
2474,-7.32,104.62,24.73,1.0462,7.32
2475,-7.46,104.66,24.74,1.0466,7.46
2476,-7.32,104.71,24.75,1.0471,7.32
2477,-7.5,104.75,24.76,1.0475,7.5
2478,-7.38,104.79,24.77,1.0479,7.38
2479,-7.5,104.83,24.78,1.0483,7.5
2480,-7.44,104.88,24.79,1.0488,7.44
2481,-7.52,104.92,24.8,1.0492,7.52
2482,-7.46,104.96,24.81,1.0496,7.46
2483,-7.54,105,24.82,1.05,7.54
2484,-7.54,105.05,24.83,1.0505,7.54
2485,-7.58,105.09,24.84,1.0509,7.58
2486,-7.54,105.13,24.85,1.0513,7.54
2487,-7.58,105.17,24.86,1.0517,7.58
2488,-7.56,105.22,24.87,1.0522,7.56
2489,-7.64,105.26,24.88,1.0526,7.64
2490,-7.58,105.3,24.89,1.053,7.58
2491,-7.7,105.34,24.9,1.0534,7.7
2492,-7.6,105.38,24.91,1.0538,7.6
2493,-7.72,105.43,24.92,1.0543,7.72
2494,-7.68,105.47,24.93,1.0547,7.68
2495,-7.74,105.51,24.94,1.0551,7.74
2496,-7.68,105.55,24.95,1.0555,7.68
2497,-7.8,105.6,24.96,1.056,7.8
2498,-7.66,105.64,24.97,1.0564,7.66
2499,-7.86,105.68,24.98,1.0568,7.86
2500,-7.72,105.72,24.99,1.0572,7.72
2501,-7.84,105.77,25,1.0577,7.84
2502,-7.8,105.81,25.01,1.0581,7.8
2503,-7.86,105.85,25.02,1.0585,7.86
2504,-7.84,105.89,25.03,1.0589,7.84
2505,-7.88,105.93,25.04,1.0593,7.88
2506,-7.9,105.98,25.05,1.0598,7.9
2507,-7.88,106.03,25.06,1.0603,7.88
2508,-7.98,106.07,25.07,1.0607,7.98
2509,-7.9,106.11,25.08,1.0611,7.9
2510,-8.04,106.16,25.09,1.0616,8.04
2511,-7.92,106.2,25.1,1.062,7.92
2512,-8.04,106.24,25.11,1.0624,8.04
2513,-7.96,106.28,25.12,1.0628,7.96
2514,-8.08,106.33,25.13,1.0633,8.08
2515,-8,106.37,25.14,1.0637,8
2516,-8.12,106.41,25.15,1.0641,8.12
2517,-8.02,106.45,25.16,1.0645,8.02
2518,-8.14,106.5,25.17,1.065,8.14
2519,-8.06,106.54,25.18,1.0654,8.06
2520,-8.18,106.58,25.19,1.0658,8.18
2521,-8.12,106.62,25.2,1.0662,8.12
2522,-8.22,106.67,25.21,1.0667,8.22
2523,-8.12,106.71,25.22,1.0671,8.12
2524,-8.3,106.75,25.23,1.0675,8.3
2525,-8.16,106.8,25.24,1.068,8.16
2526,-8.3,106.84,25.25,1.0684,8.3
2527,-8.22,106.88,25.26,1.0688,8.22
2528,-8.34,106.92,25.27,1.0692,8.34
2529,-8.22,106.97,25.28,1.0697,8.22
2530,-8.38,107.01,25.29,1.0701,8.38
2531,-8.28,107.05,25.3,1.0705,8.28
2532,-8.38,107.09,25.31,1.0709,8.38
2533,-8.34,107.14,25.32,1.0714,8.34
2534,-8.42,107.18,25.33,1.0718,8.42
2535,-8.38,107.22,25.34,1.0722,8.38
2536,-8.48,107.26,25.35,1.0726,8.48
2537,-8.42,107.3,25.36,1.073,8.42
2538,-8.48,107.35,25.37,1.0735,8.48
2539,-8.52,107.39,25.38,1.0739,8.52
2540,-8.48,107.43,25.39,1.0743,8.48
2541,-8.6,107.47,25.4,1.0747,8.6
2542,-8.48,107.52,25.41,1.0752,8.48
2543,-8.6,107.56,25.42,1.0756,8.6
2544,-8.54,107.6,25.43,1.076,8.54
2545,-8.6,107.64,25.44,1.0764,8.6
2546,-8.6,107.68,25.45,1.0768,8.6
2547,-8.7,107.73,25.46,1.0773,8.7
2548,-8.6,107.77,25.47,1.0777,8.6
2549,-8.74,107.81,25.48,1.0781,8.74
2550,-8.68,107.85,25.49,1.0785,8.68
2551,-8.72,107.9,25.5,1.079,8.72
2552,-8.76,107.94,25.51,1.0794,8.76
2553,-8.76,107.98,25.52,1.0798,8.76
2554,-8.78,108.01,25.53,1.0801,8.78
2555,-8.8,108.06,25.54,1.0806,8.8
2556,-8.82,108.1,25.55,1.081,8.82
2557,-8.86,108.14,25.56,1.0814,8.86
2558,-8.86,108.18,25.57,1.0818,8.86
2559,-8.9,108.23,25.58,1.0823,8.9
2560,-8.88,108.27,25.59,1.0827,8.88
2561,-8.98,108.31,25.6,1.0831,8.98
2562,-8.92,108.35,25.61,1.0835,8.92
2563,-9.04,108.39,25.62,1.0839,9.04
2564,-8.92,108.44,25.63,1.0844,8.92
2565,-9.08,108.48,25.64,1.0848,9.08
2566,-8.98,108.52,25.65,1.0852,8.98
2567,-9.08,108.56,25.66,1.0856,9.08
2568,-9.04,108.61,25.67,1.0861,9.04
2569,-9.16,108.65,25.68,1.0865,9.16
2570,-9.08,108.69,25.69,1.0869,9.08
2571,-9.2,108.73,25.7,1.0873,9.2
2572,-9.2,108.78,25.71,1.0878,9.2
2573,-9.14,108.82,25.72,1.0882,9.14
2574,-9.28,108.86,25.73,1.0886,9.28
2575,-9.18,108.9,25.74,1.089,9.18
2576,-9.3,108.95,25.75,1.0895,9.3
2577,-9.28,109,25.76,1.09,9.28
2578,-9.34,109.04,25.77,1.0904,9.34
2579,-9.26,109.08,25.78,1.0908,9.26
2580,-9.42,109.13,25.79,1.0913,9.42
2581,-9.34,109.17,25.8,1.0917,9.34
2582,-9.46,109.21,25.81,1.0921,9.46
2583,-9.38,109.25,25.82,1.0925,9.38
2584,-9.5,109.29,25.83,1.0929,9.5
2585,-9.42,109.34,25.84,1.0934,9.42
2586,-9.54,109.38,25.85,1.0938,9.54
2587,-9.5,109.42,25.86,1.0942,9.5
2588,-9.56,109.46,25.87,1.0946,9.56
2589,-9.54,109.51,25.88,1.0951,9.54
2590,-9.64,109.55,25.89,1.0955,9.64
2591,-9.58,109.59,25.9,1.0959,9.58
2592,-9.68,109.63,25.91,1.0963,9.68
2593,-9.64,109.68,25.92,1.0968,9.64
2594,-9.74,109.72,25.93,1.0972,9.74
2595,-9.66,109.76,25.94,1.0976,9.66
2596,-9.78,109.8,25.95,1.098,9.78
2597,-9.74,109.84,25.96,1.0984,9.74
2598,-9.78,109.89,25.97,1.0989,9.78
2599,-9.8,109.93,25.98,1.0993,9.8
2600,-9.84,109.97,25.99,1.0997,9.84
2601,-9.86,110.01,26,1.1001,9.86
2602,-9.88,110.06,26.01,1.1006,9.88
2603,-9.94,110.1,26.02,1.101,9.94
2604,-9.94,110.14,26.03,1.1014,9.94
2605,-9.98,110.18,26.04,1.1018,9.98
2606,-9.96,110.23,26.05,1.1023,9.96
2607,-10.08,110.27,26.06,1.1027,10.08
2608,-10,110.31,26.07,1.1031,10
2609,-10.1,110.35,26.08,1.1035,10.1
2610,-10.1,110.4,26.09,1.104,10.1
2611,-10.12,110.44,26.1,1.1044,10.12
2612,-10.14,110.48,26.11,1.1048,10.14
2613,-10.2,110.52,26.12,1.1052,10.2
2614,-10.14,110.57,26.13,1.1057,10.14
2615,-10.28,110.61,26.14,1.1061,10.28
2616,-10.2,110.65,26.15,1.1065,10.2
2617,-10.3,110.69,26.16,1.1069,10.3
2618,-10.28,110.74,26.17,1.1074,10.28
2619,-10.38,110.78,26.18,1.1078,10.38
2620,-10.28,110.82,26.19,1.1082,10.28
2621,-10.44,110.86,26.2,1.1086,10.44
2622,-10.38,110.91,26.21,1.1091,10.38
2623,-10.44,110.95,26.22,1.1095,10.44
2624,-10.44,110.99,26.23,1.1099,10.44
2625,-10.5,111.03,26.24,1.1103,10.5
2626,-10.48,111.08,26.25,1.1108,10.48
2627,-10.58,111.12,26.26,1.1112,10.58
2628,-10.54,111.16,26.27,1.1116,10.54
2629,-10.6,111.2,26.28,1.112,10.6
2630,-10.64,111.25,26.29,1.1125,10.64
2631,-10.64,111.29,26.3,1.1129,10.64
2632,-10.66,111.33,26.31,1.1133,10.66
2633,-10.74,111.37,26.32,1.1137,10.74
2634,-10.72,111.41,26.33,1.1141,10.72
2635,-10.74,111.46,26.34,1.1146,10.74
2636,-10.8,111.5,26.35,1.115,10.8
2637,-10.8,111.54,26.36,1.1154,10.8
2638,-10.88,111.58,26.37,1.1158,10.88
2639,-10.8,111.63,26.38,1.1163,10.8
2640,-10.94,111.67,26.39,1.1167,10.94
2641,-10.88,111.71,26.4,1.1171,10.88
2642,-10.96,111.75,26.41,1.1175,10.96
2643,-10.96,111.79,26.42,1.1179,10.96
2644,-11.06,111.84,26.43,1.1184,11.06
2645,-10.96,111.88,26.44,1.1188,10.96
2646,-11.18,111.92,26.45,1.1192,11.18
2647,-11.02,111.96,26.46,1.1196,11.02
2648,-11.24,111.99,26.47,1.1199,11.24
2649,-11.08,112.04,26.48,1.1204,11.08
2650,-11.3,112.08,26.49,1.1208,11.3
2651,-11.16,112.12,26.5,1.1212,11.16
2652,-11.32,112.16,26.51,1.1216,11.32
2653,-11.22,112.21,26.52,1.1221,11.22
2654,-11.4,112.25,26.53,1.1225,11.4
2655,-11.3,112.29,26.54,1.1229,11.3
2656,-11.38,112.34,26.55,1.1234,11.38
2657,-11.4,112.38,26.56,1.1238,11.4
2658,-11.48,112.42,26.57,1.1242,11.48
2659,-11.44,112.46,26.58,1.1246,11.44
2660,-11.56,112.5,26.59,1.125,11.56
2661,-11.46,112.55,26.6,1.1255,11.46
2662,-11.64,112.59,26.61,1.1259,11.64
2663,-11.56,112.63,26.62,1.1263,11.56
2664,-11.66,112.67,26.63,1.1267,11.66
2665,-11.64,112.72,26.64,1.1272,11.64
2666,-11.74,112.76,26.65,1.1276,11.74
2667,-11.7,112.8,26.66,1.128,11.7
2668,-11.78,112.85,26.67,1.1285,11.78
2669,-11.82,112.89,26.68,1.1289,11.82
2670,-11.8,112.93,26.69,1.1293,11.8
2671,-11.88,112.98,26.7,1.1298,11.88
2672,-11.88,113.03,26.71,1.1303,11.88
2673,-11.96,113.07,26.72,1.1307,11.96
2674,-11.98,113.11,26.73,1.1311,11.98
2675,-12.02,113.15,26.74,1.1315,12.02
2676,-12,113.19,26.75,1.1319,12
2677,-12.1,113.24,26.76,1.1324,12.1
2678,-12.06,113.28,26.77,1.1328,12.06
2679,-12.14,113.32,26.78,1.1332,12.14
2680,-12.14,113.36,26.79,1.1336,12.14
2681,-12.24,113.4,26.8,1.134,12.24
2682,-12.2,113.45,26.81,1.1345,12.2
2683,-12.3,113.49,26.82,1.1349,12.3
2684,-12.3,113.53,26.83,1.1353,12.3
2685,-12.34,113.57,26.84,1.1357,12.34
2686,-12.32,113.61,26.85,1.1361,12.32
2687,-12.44,113.66,26.86,1.1366,12.44
2688,-12.4,113.7,26.87,1.137,12.4
2689,-12.52,113.74,26.88,1.1374,12.52
2690,-12.46,113.78,26.89,1.1378,12.46
2691,-12.6,113.82,26.9,1.1382,12.6
2692,-12.5,113.87,26.91,1.1387,12.5
2693,-12.68,113.91,26.92,1.1391,12.68
2694,-12.58,113.95,26.93,1.1395,12.58
2695,-12.74,113.98,26.94,1.1398,12.74
2696,-12.66,114.03,26.95,1.1403,12.66
2697,-12.78,114.07,26.96,1.1407,12.78
2698,-12.76,114.11,26.97,1.1411,12.76
2699,-12.86,114.15,26.98,1.1415,12.86
2700,-12.84,114.19,26.99,1.1419,12.84
2701,-12.92,114.24,27,1.1424,12.92
2702,-12.92,114.28,27.01,1.1428,12.92
2703,-12.98,114.32,27.02,1.1432,12.98
2704,-13.06,114.37,27.03,1.1437,13.06
2705,-13,114.41,27.04,1.1441,13
2706,-13.12,114.45,27.05,1.1445,13.12
2707,-13.1,114.49,27.06,1.1449,13.1
2708,-13.12,114.53,27.07,1.1453,13.12
2709,-13.2,114.58,27.08,1.1458,13.2
2710,-13.24,114.62,27.09,1.1462,13.24
2711,-13.22,114.66,27.1,1.1466,13.22
2712,-13.36,114.7,27.11,1.147,13.36
2713,-13.28,114.75,27.12,1.1475,13.28
2714,-13.42,114.79,27.13,1.1479,13.42
2715,-13.38,114.83,27.14,1.1483,13.38
2716,-13.5,114.88,27.15,1.1488,13.5
2717,-13.44,114.92,27.16,1.1492,13.44
2718,-13.58,114.97,27.17,1.1497,13.58
2719,-13.54,115.01,27.18,1.1501,13.54
2720,-13.62,115.06,27.19,1.1506,13.62
2721,-13.62,115.1,27.2,1.151,13.62
2722,-13.7,115.14,27.21,1.1514,13.7
2723,-13.7,115.18,27.22,1.1518,13.7
2724,-13.78,115.22,27.23,1.1522,13.78
2725,-13.8,115.27,27.24,1.1527,13.8
2726,-13.84,115.31,27.25,1.1531,13.84
2727,-13.9,115.35,27.26,1.1535,13.9
2728,-13.92,115.39,27.27,1.1539,13.92
2729,-13.96,115.43,27.28,1.1543,13.96
2730,-14,115.48,27.29,1.1548,14
2731,-14.04,115.52,27.3,1.1552,14.04
2732,-14.06,115.56,27.31,1.1556,14.06
2733,-14.1,115.6,27.32,1.156,14.1
2734,-14.16,115.65,27.33,1.1565,14.16
2735,-14.2,115.69,27.34,1.1569,14.2
2736,-14.22,115.73,27.35,1.1573,14.22
2737,-14.26,115.77,27.36,1.1577,14.26
2738,-14.3,115.81,27.37,1.1581,14.3
2739,-14.34,115.85,27.38,1.1585,14.34
2740,-14.4,115.9,27.39,1.159,14.4
2741,-14.44,115.94,27.4,1.1594,14.44
2742,-14.46,115.98,27.41,1.1598,14.46
2743,-14.52,116.02,27.42,1.1602,14.52
2744,-14.54,116.06,27.43,1.1606,14.54
2745,-14.64,116.11,27.44,1.1611,14.64
2746,-14.62,116.15,27.45,1.1615,14.62
2747,-14.7,116.19,27.46,1.1619,14.7
2748,-14.68,116.23,27.47,1.1623,14.68
2749,-14.8,116.28,27.48,1.1628,14.8
2750,-14.74,116.32,27.49,1.1632,14.74
2751,-14.88,116.36,27.5,1.1636,14.88
2752,-14.82,116.4,27.51,1.164,14.82
2753,-14.98,116.45,27.52,1.1645,14.98
2754,-14.9,116.49,27.53,1.1649,14.9
2755,-15.06,116.53,27.54,1.1653,15.06
2756,-15,116.57,27.55,1.1657,15
2757,-15.12,116.61,27.56,1.1661,15.12
2758,-15.1,116.66,27.57,1.1666,15.1
2759,-15.2,116.7,27.58,1.167,15.2
2760,-15.2,116.74,27.59,1.1674,15.2
2761,-15.3,116.79,27.6,1.1679,15.3
2762,-15.28,116.83,27.61,1.1683,15.28
2763,-15.38,116.87,27.62,1.1687,15.38
2764,-15.36,116.91,27.63,1.1691,15.36
2765,-15.46,116.96,27.64,1.1696,15.46
2766,-15.46,117,27.65,1.17,15.46
2767,-15.52,117.04,27.66,1.1704,15.52
2768,-15.58,117.08,27.67,1.1708,15.58
2769,-15.58,117.13,27.68,1.1713,15.58
2770,-15.66,117.17,27.69,1.1717,15.66
2771,-15.72,117.21,27.7,1.1721,15.72
2772,-15.74,117.25,27.71,1.1725,15.74